Datetime,Ensemble_Price,Min_Price,Max_Price,Model_Count,Price_Range,Range_Pct,Consensus
2025-03-26 00:00:00+00:00,169.84287933211476,54.51245105150906,238.78330318883943,5,184.27085213733037,108.49489414095648,Weak
2025-03-27 00:00:00+00:00,171.20192661017668,54.23430724593845,240.4132306128492,5,186.17892336691074,108.74814732128357,Weak
2025-03-28 00:00:00+00:00,172.15173931849543,54.043522492173,241.43815609536165,5,187.39463360318865,108.85433649699732,Weak
2025-03-29 00:00:00+00:00,172.45503478759042,53.92290708658516,241.20540825213175,5,187.2825011655466,108.597873872583,Weak
2025-03-30 00:00:00+00:00,172.63552645590858,53.85392527341901,241.39277375486748,5,187.53884848144847,108.63282450112968,Weak
2025-03-31 00:00:00+00:00,172.79480670198436,53.81367535937648,242.1150326776176,5,188.30135731824112,108.9739679752069,Weak
2025-04-01 00:00:00+00:00,172.6976269459288,53.79151789050866,241.92221598742452,5,188.13069809691586,108.936469726836,Weak
2025-04-02 00:00:00+00:00,172.50939194556148,53.75127603665851,241.5761300461775,5,187.824854009519,108.87804535812786,Weak
2025-04-03 00:00:00+00:00,172.49732965884922,53.72347374639003,241.9807815105832,5,188.25730776419317,109.13636062454573,Weak
2025-04-04 00:00:00+00:00,172.42252128997092,53.70824804297376,241.70461722245395,5,187.99636917948018,109.03237452566768,Weak
2025-04-05 00:00:00+00:00,172.43509009960826,53.69493529188367,241.75960070298427,5,188.0646654111006,109.06403406781288,Weak
2025-04-06 00:00:00+00:00,172.579460556455,53.70117656752086,242.03644678263603,5,188.33527021511517,109.12959723472196,Weak
2025-04-07 00:00:00+00:00,172.53546864651813,53.70603417679854,241.3536309664869,5,187.64759678968835,108.75885304147587,Weak
2025-04-08 00:00:00+00:00,53.70990844260518,53.70990844260518,53.70990844260518,1,0.0,0.0,Strong
2025-04-09 00:00:00+00:00,53.72120077213731,53.72120077213731,53.72120077213731,1,0.0,0.0,Strong
2025-04-10 00:00:00+00:00,53.72146675848603,53.72146675848603,53.72146675848603,1,0.0,0.0,Strong
2025-04-11 00:00:00+00:00,53.72144795137047,53.72144795137047,53.72144795137047,1,0.0,0.0,Strong
2025-04-12 00:00:00+00:00,53.72143989117808,53.72143989117808,53.72143989117808,1,0.0,0.0,Strong
2025-04-13 00:00:00+00:00,53.72144257790888,53.72144257790888,53.72144257790888,1,0.0,0.0,Strong
2025-04-14 00:00:00+00:00,53.72144795137047,53.72144795137047,53.72144795137047,1,0.0,0.0,Strong
2025-04-15 00:00:00+00:00,53.72145063810126,53.72145063810126,53.72145063810126,1,0.0,0.0,Strong
2025-04-16 00:00:00+00:00,53.721458698293645,53.721458698293645,53.721458698293645,1,0.0,0.0,Strong
2025-04-17 00:00:00+00:00,53.72145601156285,53.72145601156285,53.72145601156285,1,0.0,0.0,Strong
2025-04-18 00:00:00+00:00,53.72146138502444,53.72146138502444,53.72146138502444,1,0.0,0.0,Strong
2025-04-19 00:00:00+00:00,53.72146138502444,53.72146138502444,53.72146138502444,1,0.0,0.0,Strong
