,Open,High,Low,Close,Adj Close,Volume
2025-02-27 01:47:48.573628,100.51400235423125,99.60176824618019,99.947217111336,99.89828007977103,100.84071204380797,7325
2025-02-27 02:02:48.573628,99.71223531970374,101.72535110961155,99.14181470327986,100.11853692804974,99.14955156743707,1852
2025-02-27 02:17:48.573628,99.11343213379715,100.79260147180479,98.96186346049349,98.89753824658015,99.36156735061812,4302
2025-02-27 02:32:48.573628,100.51447036343886,101.1953573431454,97.5280071828161,99.43720340717566,98.62628990329281,5223
2025-02-27 02:47:48.573628,99.21796419737255,100.03396380394831,99.46904178138706,101.3927551246282,100.88978072596699,6132
2025-02-27 03:02:48.573628,98.45201681174031,100.38917589770908,97.98532665897069,101.16122184523788,100.86436914836517,8378
2025-02-27 03:17:48.573628,100.2387671786356,100.2363246000834,100.45148897647327,99.50779461795851,100.84081351253843,9381
2025-02-27 03:32:48.573628,99.76532395184897,101.42064986369373,100.37985166973831,99.39424680619503,102.15241139091117,9289
2025-02-27 03:47:48.573628,102.43427285777662,100.64865367056056,99.61788408174898,101.20186740874239,99.37879535543588,2937
2025-02-27 04:02:48.573628,101.99661672059659,101.41890547113653,100.79284720552644,97.08180554880887,98.79526218718091,1221
2025-02-27 04:17:48.573628,100.54937024809064,100.15794325868687,98.18094736752016,99.4690083152225,100.75351602169769,5308
2025-02-27 04:32:48.573628,99.89690092605333,102.0349819022968,99.72778075811118,98.87399141154594,100.1218222120438,7616
2025-02-27 04:47:48.573628,100.00087077136021,100.25715079485381,98.66825593846109,100.31614566132,99.62993275061781,4295
2025-02-27 05:02:48.573628,100.16054218237132,100.23716725306565,98.70503441346519,98.93738351758194,99.80762501941335,7242
2025-02-27 05:17:48.573628,101.69644660828301,100.38760679648679,100.40916341019756,99.26633296171448,99.49502229287489,8184
2025-02-27 05:32:48.573628,101.59609690562453,100.71820779639069,99.37242413581671,99.74937143657996,101.31995835162213,4748
2025-02-27 05:47:48.573628,98.25397716139568,101.92877253042059,99.60506538362664,100.68537312176575,101.98690477606593,1962
2025-02-27 06:02:48.573628,99.38011755690803,101.81143588089004,98.85309164749468,100.25699749035897,100.86063031664467,9451
2025-02-27 06:17:48.573628,100.6709551397726,100.14675928966288,99.33198094823247,100.99643155491503,100.34984573554797,4610
2025-02-27 06:32:48.573628,100.4044463993026,101.8062973162412,98.49978691185522,99.8459985782201,98.91362419077852,6247
2025-02-27 06:47:48.573628,99.22427026399461,101.68677878188005,99.15193151708004,100.86336093795126,100.16106999650222,5122
2025-02-27 07:02:48.573628,98.82445730027486,100.04915393915377,99.23505009012864,98.48120713917399,100.69535746834418,4649
2025-02-27 07:17:48.573628,100.7126604044864,101.20380713651544,99.01900329000736,100.32088653642971,100.99384824772473,3173
2025-02-27 07:32:48.573628,100.74939293765208,102.49662084700005,100.84216345640593,99.75828322454716,100.56090582488719,9165
2025-02-27 07:47:48.573628,100.27734461624333,100.50230046119947,100.57121006564611,99.26683825164376,98.96434619364057,2923
2025-02-27 08:02:48.573628,99.6272428446807,101.16574364637331,97.70092882247948,100.92141459645491,100.40002695671544,7582
2025-02-27 08:17:48.573628,101.52734798126706,101.63828952435476,100.85869237310214,100.07581437097998,99.9962798176183,5918
2025-02-27 08:32:48.573628,101.09875157400778,100.21668437474435,99.76296138569619,100.0225404751116,99.72853683068982,7350
2025-02-27 08:47:48.573628,101.48492939174716,99.50111018891998,98.43134731391719,99.49179845901926,99.13297222741657,7526
2025-02-27 09:02:48.573628,100.34594411115208,101.10586447219512,98.71354822093538,102.0248304363262,100.50263289679361,6441
2025-02-27 09:17:48.573628,99.65465375363323,101.37563982832414,100.70787327681082,99.17164725087727,99.45512332452886,6809
2025-02-27 09:32:48.573628,100.38730406341836,100.18627346858742,97.00898583534325,100.14434686324063,101.0680860422273,3285
2025-02-27 09:47:48.573628,101.05283342922989,100.58820008098832,98.70912850282943,101.99809951988688,101.43649892279554,2951
2025-02-27 10:02:48.573628,99.98084937710715,100.1105310210113,99.78910257489795,100.62476683015122,100.49290285752788,3406
2025-02-27 10:17:48.573628,99.2357499935066,100.5509124155515,99.23216364868597,100.66481135803735,99.59743472625595,6069
2025-02-27 10:32:48.573628,100.17781190056466,103.20522312629139,97.93871482040679,98.80202322597572,100.74992454985,9459
2025-02-27 10:47:48.573628,100.67028178376506,100.81220633841689,100.51751417315292,100.62717591962564,98.5790870912254,2903
2025-02-27 11:02:48.573628,98.57881104263821,99.85804074918669,100.41167300653979,101.5003673736651,99.51345501500761,1315
2025-02-27 11:17:48.573628,97.67325391110943,100.08469777719677,100.99823478526078,99.2937595739396,100.44489322669811,2149
2025-02-27 11:32:48.573628,101.66949152279577,100.23262525797136,99.44028725807219,101.90292401417868,99.8184923979213,3467
2025-02-27 11:47:48.573628,100.35847027762277,100.34246313902769,98.1031651045268,101.80158032955025,99.2249496884638,8754
2025-02-27 12:02:48.573628,99.89466504062086,100.07261643811493,99.86790271786131,100.69998655726866,101.68443136428526,7416
2025-02-27 12:17:48.573628,101.857449320533,102.14127596217048,98.64933326527614,101.05887467881044,99.55039073814339,7051
2025-02-27 12:32:48.573628,101.23540407515873,102.06739986468352,98.60936250235352,101.36413617762987,101.16314041250041,6031
2025-02-27 12:47:48.573628,98.81609328412654,102.90454445206021,98.07698518689894,99.42949583447994,100.32693263070672,3007
2025-02-27 13:02:48.573628,100.96755635450177,101.46355712994988,98.49495278260808,98.4347511691228,99.0219625174602,2441
2025-02-27 13:17:48.573628,100.16086420782595,101.48262129717644,99.73251110697665,99.18570822895056,100.42923029887285,3788
2025-02-27 13:32:48.573628,99.0248970904797,102.37741544680777,97.36999152578075,99.94744380600422,99.70192905904553,1287
2025-02-27 13:47:48.573628,98.76914541076728,101.32776051292467,98.94384366390544,98.75924259988695,100.10774310849298,1473
2025-02-27 14:02:48.573628,100.47696397873827,99.78056515030933,100.15815752876709,99.44535806329033,99.75828403350792,3223
2025-02-27 14:17:48.573628,97.94948369585931,100.77211890774203,98.3322071234335,100.32745163129441,99.4830743154889,9742
2025-02-27 14:32:48.573628,100.96964071483697,100.56384379689153,99.16689058909901,99.19179656897462,100.1020104038379,5450
2025-02-27 14:47:48.573628,99.90759196165565,101.94935626143574,101.34797935602558,99.78877188870993,98.4094717306277,9723
2025-02-27 15:02:48.573628,99.55685324637649,101.90671400976419,97.78355542897327,100.14484590395367,100.51090115342359,4464
2025-02-27 15:17:48.573628,99.96337917334078,100.91360737117049,98.18548536736786,99.15915584554703,102.35185843268977,2681
2025-02-27 15:32:48.573628,100.86915169931585,100.40870087844608,100.9518374818916,98.65877328320343,99.6615648752924,8476
2025-02-27 15:47:48.573628,101.67500697685804,101.30953498172376,99.41356900765747,100.46672073166737,99.96286643255655,1929
2025-02-27 16:02:48.573628,101.60486438438242,100.11111255640459,97.9582846260616,101.57432410210012,101.23711895161269,2541
2025-02-27 16:17:48.573628,99.56824811972987,101.19428001144962,99.02850202985786,99.96593597032121,100.84523926937138,5864
2025-02-27 16:32:48.573628,100.89243536803157,102.42619177446008,98.68354606065948,98.58764880656608,99.89665468774677,2769
2025-02-27 16:47:48.573628,101.13507297436861,100.01922728057252,99.75296105015337,99.9002563095269,101.03990809195835,9694
2025-02-27 17:02:48.573628,98.85471061682222,101.10028575117425,100.06195808221838,99.43878350837696,101.23525204862922,5307
2025-02-27 17:17:48.573628,99.7343714530046,99.5496464732309,97.75597724617656,102.60445580129155,99.21232288480887,2192
2025-02-27 17:32:48.573628,99.52292934407409,101.43277775356424,98.71940078461182,99.01609127818153,99.67628829655578,8298
2025-02-27 17:47:48.573628,99.34168159844269,99.7848666751652,97.5348644024933,100.69244909143141,100.4341180312605,1026
2025-02-27 18:02:48.573628,100.01134107936336,100.56722085939106,99.54051227676882,98.79794484634742,98.38690292828258,1555
2025-02-27 18:17:48.573628,98.45669506983765,101.77727616093398,99.1133931986535,101.0964808928707,100.63292402008979,7280
2025-02-27 18:32:48.573628,101.70207429273948,101.82355388199954,99.91283963090625,99.18806921399316,99.55295435827374,1521
2025-02-27 18:47:48.573628,99.85242964854295,102.1523505076948,100.54730145316643,99.68482763529919,100.54138155372935,7065
2025-02-27 19:02:48.573628,100.53932800432169,100.88486399272966,99.58502624175563,99.37174541073146,97.95647522382454,6854
2025-02-27 19:17:48.573628,101.0787896179667,100.25683529282385,101.1279360637524,100.1123000503942,99.5317513043068,1921
2025-02-27 19:32:48.573628,99.62163817801093,101.45360101385326,96.83221984494077,102.22049715166098,101.10430821284551,3311
2025-02-27 19:47:48.573628,101.65353646315104,99.30416361703489,97.65503342391023,100.06231116363442,101.02392602840119,5508
2025-02-27 20:02:48.573628,99.94971624946686,101.47744447254665,100.37586992693936,99.30874546737422,99.22842582478553,1366
2025-02-27 20:17:48.573628,99.12847093318635,101.02772007616286,98.86559265280047,98.4563718616879,100.3769004380108,3269
2025-02-27 20:32:48.573628,100.65789020250128,100.57506286375056,97.6096683937,100.17407058561892,100.14149600682374,2853
2025-02-27 20:47:48.573628,99.7811956995366,102.35693074949111,98.71329914474423,100.47344608774998,98.37983168728323,1960
2025-02-27 21:02:48.573628,101.36490128905164,101.09069599361719,98.3747241492514,99.12243125363446,99.7501495760217,2232
2025-02-27 21:17:48.573628,100.25586923919487,101.90539515067083,98.15986134056048,100.13650844252071,99.69526815300954,5450
2025-02-27 21:32:48.573628,101.10995650479923,100.37511204658215,98.7749286183672,99.45434277333233,100.59551598677935,3313
2025-02-27 21:47:48.573628,98.95238955292,99.86075676777149,99.73758613853907,99.10468438969679,99.76437699707768,2105
2025-02-27 22:02:48.573628,99.9622061295914,98.78527371035322,98.61902510208505,100.27586397238225,100.00266936324087,3517
2025-02-27 22:17:48.573628,101.79122835520486,101.5248642963238,97.46536162884335,97.98369374640754,100.04082651124865,5977
2025-02-27 22:32:48.573628,100.39767801565651,100.80633428866781,98.28422805773421,102.02122819184764,100.57302365495403,4880
2025-02-27 22:47:48.573628,100.96880697524358,102.18096025587288,98.45725719553786,97.99868412444819,98.35683778590081,8798
2025-02-27 23:02:48.573628,100.2579307230754,101.07835033927789,99.79153703144094,99.58949723246667,100.3565153648669,9707
2025-02-27 23:17:48.573628,100.66451001908044,101.31521833195993,99.92291247006038,100.38582227652893,97.6471766106907,6731
2025-02-27 23:32:48.573628,97.7966660621348,101.24902564768827,96.76611395794333,100.72534719235055,100.53433947015176,3660
2025-02-27 23:47:48.573628,100.57640699677455,101.10639081723723,98.9248464233499,100.69829159418157,99.29512567052755,9443
2025-02-28 00:02:48.573628,100.27699321938076,102.0113881356143,99.95404572493833,99.11886306971974,99.1350463387529,2900
2025-02-28 00:17:48.573628,100.47596631805872,101.32050987331263,99.29960875856183,100.19498878443704,97.83796653463769,8433
2025-02-28 00:32:48.573628,100.84070710529014,100.57296921073798,99.00992868768357,98.79183165652783,99.64642636855636,3986
2025-02-28 00:47:48.573628,99.57495796704538,101.09560418314858,96.9821444585778,101.08837096266728,101.23028427392784,7273
2025-02-28 01:02:48.573628,99.21956383788427,100.5780471800062,100.55594166071309,101.09539093106336,99.63087578074901,8914
2025-02-28 01:17:48.573628,98.5831129139271,101.93650467426515,99.61836762486344,99.99385439712015,99.1727038694265,6956
2025-02-28 01:32:48.573628,99.72997309384156,98.49683156839797,98.47463231523002,100.98664084707174,100.81975288164097,8187
2025-02-28 01:47:48.573628,101.0014444107939,102.40363510669812,99.21606059845739,98.90867284259504,99.05038037345857,5680
2025-02-28 02:02:48.573628,101.0713682754669,100.1532930813745,98.6079056910954,99.08496583228079,99.07709718896541,7152
2025-02-28 02:17:48.573628,98.69591387620244,100.74744055421883,97.9989408371644,102.23985293163462,99.16245044845289,5018
2025-02-28 02:32:48.573628,101.02660550069221,100.55683298273462,98.56716142395923,99.69268279814548,100.02676463291445,4514
2025-02-28 02:47:48.573628,98.82056220595345,101.15439663607835,99.84882466901078,101.07484174195471,100.81025152883802,5569
2025-02-28 03:02:48.573628,99.03495103994756,99.02664757085772,99.2728353550638,100.13939282414242,99.90137180140948,9534
2025-02-28 03:17:48.573628,98.8470482730665,101.36398164049513,99.82330379904036,100.46183560914037,100.29364042719905,1082
2025-02-28 03:32:48.573628,100.42019576124245,100.93756472391921,100.04011110289001,101.52612247697459,99.52768628348112,4518
2025-02-28 03:47:48.573628,100.27541447520814,101.44335753646297,97.74432545446112,99.22047851701726,100.13374015479678,2276
2025-02-28 04:02:48.573628,101.85412939146326,102.70817466413101,97.51795352467927,99.3466758841416,98.64939675443786,5700
2025-02-28 04:17:48.573628,99.94345541466899,99.86728783197911,98.46140853102663,101.96806065631053,99.43604199624137,8180
2025-02-28 04:32:48.573628,98.6752122230898,100.89880712199938,100.0142083979094,100.45222506737566,99.06408156441132,6400
2025-02-28 04:47:48.573628,99.46033795073787,101.64391846252586,100.13832256643416,101.0675580839349,97.72077172455948,2450
2025-02-28 05:02:48.573628,101.40359542954899,102.77430173893546,100.46501208523065,99.36520234670697,99.73064468661968,7310
2025-02-28 05:17:48.573628,99.11853372958412,100.77784249029513,99.56535452984743,100.43748667767406,100.81999318460569,1186
2025-02-28 05:32:48.573628,100.36678461528274,101.37244156344067,99.53547625484997,101.16332982614963,99.83507876548707,7678
2025-02-28 05:47:48.573628,98.94842395650328,101.72738086928715,96.83783642693204,100.40182947513567,99.44426023751997,1629
2025-02-28 06:02:48.573628,101.24123987199077,100.92186790214247,100.30235740790863,100.41628183863635,101.57057613003388,8783
2025-02-28 06:17:48.573628,99.37005959533253,101.6313716566819,98.6116840621577,100.52954568638782,100.04462145238898,5393
2025-02-28 06:32:48.573628,99.71851422375875,99.9047440364538,98.36351589600517,101.16479089979289,101.94596636786649,8850
2025-02-28 06:47:48.573628,101.44823851312505,101.20254817012491,99.39093167237776,100.53234853587529,99.6229480237712,7384
2025-02-28 07:02:48.573628,101.22342346285984,101.47638794797086,99.91785371885264,99.93854865193249,98.75500920245389,8539
2025-02-28 07:17:48.573628,100.26604312159014,100.50687034387224,99.62009183106585,100.00550027311346,100.27121448659547,5010
2025-02-28 07:32:48.573628,98.90499555243386,103.30496691347653,99.97905442896955,100.0078295264682,100.02055363504489,1751
2025-02-28 07:47:48.573628,99.43247785379603,100.41665448418024,99.28142880044776,100.00464799300121,99.53049335831201,5569
2025-02-28 08:02:48.573628,100.05265778228483,101.48457656824131,99.08733111204236,99.7651094333542,99.45026223303165,8214
2025-02-28 08:17:48.573628,99.89123156921558,98.38718432726652,98.52431469601741,101.20434630150167,98.53625604882005,6267
2025-02-28 08:32:48.573628,98.18270419851396,100.78686064848783,98.32600942248163,98.8285311935501,100.39788250011549,2582
2025-02-28 08:47:48.573628,99.23537014467335,100.67097133118716,98.0677392146671,100.08887155683682,100.40568776529439,7689
2025-02-28 09:02:48.573628,100.0409841338229,100.37716092152226,99.90376341639129,99.6177593780035,99.3010750900779,5090
2025-02-28 09:17:48.573628,97.96363616168587,99.8147109777127,97.25238108441066,100.35554497399976,100.53057015205408,7474
2025-02-28 09:32:48.573628,98.64766564083635,99.44159758096455,100.17479702804361,101.10477792899427,100.92582731566944,1067
2025-02-28 09:47:48.573628,100.4058619655759,101.39273312231872,97.72582876583766,100.51403450171954,98.49703533609832,4335
2025-02-28 10:02:48.573628,98.88874017540296,101.74008708097989,98.33770603615925,100.1026966688375,100.41021942160124,1036
2025-02-28 10:17:48.573628,99.73628669549144,101.43484624863544,100.10317505481635,97.94755290708,98.17571279477326,5203
2025-02-28 10:32:48.573628,101.8192006319796,99.68922639723651,98.71337401278969,99.3120463949482,100.95940029982236,1049
2025-02-28 10:47:48.573628,100.62947533520604,101.31280192940505,99.83266836602343,100.50372193289544,100.69950332293233,7646
2025-02-28 11:02:48.573628,100.2694671576738,100.77266133914658,99.01921027598756,99.77264288961283,100.00666149436897,9500
2025-02-28 11:17:48.573628,99.21093436075338,100.3600105841592,99.79551544007965,99.40565181975605,100.18079706297415,7716
2025-02-28 11:32:48.573628,101.40528300764613,100.67751487075125,98.56237625909822,100.15099924232852,100.50215510370447,2952
2025-02-28 11:47:48.573628,99.02755479510797,101.2344017318029,98.7967401594682,100.11123066495183,101.453130159605,4439
2025-02-28 12:02:48.573628,100.97837712155693,101.39577794225774,100.09397261687165,101.3155495819194,99.70324503835853,3371
2025-02-28 12:17:48.573628,99.27922916892459,101.46106832517427,99.2618059640097,101.34557980172156,100.79995698219057,8008
2025-02-28 12:32:48.573628,100.77623942721652,102.88350790962056,99.56588528276703,99.72334463005905,99.49591327541488,1765
2025-02-28 12:47:48.573628,101.6782442734851,100.98171618784392,98.5730388181516,99.89568763779006,100.9439675891477,3913
2025-02-28 13:02:48.573628,100.14159868049464,100.95379112571788,98.03859268366487,98.3749473762305,98.93932872817105,4736
2025-02-28 13:17:48.573628,99.70899197248372,99.19377151355968,97.62089554319395,101.9370788881816,97.73339815807309,4057
2025-02-28 13:32:48.573628,98.95673042980873,100.05241970391384,97.51473310550213,98.9564165119562,99.9212359604345,1185
2025-02-28 13:47:48.573628,98.6900893704164,102.09763818928981,98.5694609762829,99.39134915265565,100.8954230572541,6343
2025-02-28 14:02:48.573628,100.090517802058,101.24726803621967,98.59574584535972,99.69255855796249,99.65326100733196,1580
2025-02-28 14:17:48.573628,101.41487119104016,101.75579478590971,99.37425117062583,100.64040084177113,98.92756924712421,6665
2025-02-28 14:32:48.573628,99.24422635906822,101.78632939869867,98.07835740105493,98.53513367374008,99.2043503080714,3965
2025-02-28 14:47:48.573628,100.3798007446767,101.00057975093422,98.23382492611925,99.01043876465121,99.7090526328362,6484
2025-02-28 15:02:48.573628,99.63744427913578,101.72553084125992,99.06244397873303,101.7789526602722,98.91730660747791,2555
2025-02-28 15:17:48.573628,98.39764447987574,99.0564200794298,98.57995742300714,99.96903122227987,100.39958820335524,5046
2025-02-28 15:32:48.573628,100.76886329387192,101.03246695099277,98.72610238253917,100.41573830293784,99.87869841560219,5122
2025-02-28 15:47:48.573628,100.84801829279958,101.59656579606569,99.47963892913144,99.599250670009,100.0794273864988,3156
2025-02-28 16:02:48.573628,100.94818069386888,102.13612568146189,97.67406620020887,100.76501087358635,100.54771509170837,4662
2025-02-28 16:17:48.573628,98.32144308446871,100.42170788634148,98.81590280248264,100.43993276428309,98.93403329215748,6370
2025-02-28 16:32:48.573628,99.65480879501911,99.49386508013197,97.55213380368468,99.92615809885451,100.25064508931314,1981
2025-02-28 16:47:48.573628,100.76310193550944,100.17675867507032,98.12948341469813,100.86424682754117,99.82722245370434,8248
2025-02-28 17:02:48.573628,98.725744802826,101.17639769052366,100.83070248998268,100.6282237773076,101.72237409895484,1359
2025-02-28 17:17:48.573628,101.55096956934784,102.74125359460547,98.53529404480648,97.38532640955083,99.78770257209472,3481
2025-02-28 17:32:48.573628,99.21112106740121,100.99422844907744,98.80633137005647,98.54202352361975,100.47097738938795,7615
2025-02-28 17:47:48.573628,100.45263834485579,100.43039229565971,99.16865849097746,100.08867201187599,101.5465890978567,5372
2025-02-28 18:02:48.573628,98.25836688065885,100.25970515873797,100.13249356858863,99.90105515445914,98.91081814436826,9771
2025-02-28 18:17:48.573628,99.20635426538743,99.90403552725388,99.00439499819316,100.55949215089716,99.12719560230956,5499
2025-02-28 18:32:48.573628,99.668122422014,100.90613575227053,100.31071633351205,100.03517041275032,100.1465179153084,3116
2025-02-28 18:47:48.573628,100.9646814178759,101.32475597120121,99.11816905231771,101.67116670861498,102.41930144149302,7410
2025-02-28 19:02:48.573628,101.24368369606522,100.44722449625408,100.95213573961325,100.0329944769498,100.12658554712033,1245
2025-02-28 19:17:48.573628,98.8981702147893,101.34732544698998,100.23135825378834,102.14618291084594,98.81593781354735,2299
2025-02-28 19:32:48.573628,100.01913377142237,100.91860329524994,99.04865933146183,100.04967883484353,101.4078517321877,8574
2025-02-28 19:47:48.573628,100.20081528038638,101.59303820123557,99.07072149788144,99.43066346167146,100.50887966721916,9561
2025-02-28 20:02:48.573628,101.53275757561315,100.91813143416005,97.93759257582622,100.6573599149974,100.59102635228746,7146
2025-02-28 20:17:48.573628,101.66417949884409,100.67403753335952,98.97165319103057,101.19176314524903,100.11507904725683,2160
2025-02-28 20:32:48.573628,100.32441931783713,101.53793433733713,99.82149788784699,100.42984965428704,99.93574595059705,5635
2025-02-28 20:47:48.573628,102.214874919875,101.93462875180796,98.9323859776969,99.97765168824243,99.09699222788475,2682
2025-02-28 21:02:48.573628,100.55581725579835,99.15495498392733,99.58880738028941,99.83116380572253,99.49461332411177,2876
2025-02-28 21:17:48.573628,100.1990129614967,99.13016656421131,99.60673562798749,99.2725226814636,101.68667359590607,2936
2025-02-28 21:32:48.573628,101.11458033596965,100.0904043699221,99.44377402908562,98.23815613848804,100.62375632504845,5863
2025-02-28 21:47:48.573628,99.95565712128081,100.66168309170642,99.13387079621768,98.67223137056658,100.96730391687178,8870
2025-02-28 22:02:48.573628,100.53150209394828,101.2065284185234,98.61855853796003,99.19074716588302,100.50692564769292,8307
2025-02-28 22:17:48.573628,99.31509848065349,101.59087074907842,97.24125689943924,101.65012787254253,99.50461515410184,1512
2025-02-28 22:32:48.573628,98.2283374885995,102.282246429738,99.36880471922203,99.60926434166933,101.47251995651786,9109
2025-02-28 22:47:48.573628,98.76270077308938,101.53783257810333,98.35392947432778,100.8157771779259,98.78818500311573,5617
2025-02-28 23:02:48.573628,100.48994501912878,100.11292002647123,97.19403682806556,100.02223599226022,101.06258092965203,7943
2025-02-28 23:17:48.573628,102.69940095202702,99.1220089093476,99.83786679279898,101.092064448485,100.38831438604642,4380
2025-02-28 23:32:48.573628,99.34267680533408,102.43084252940068,99.8850150096404,98.85096357954394,100.9705720158226,9960
2025-02-28 23:47:48.573628,100.29940100315778,102.94006185070795,98.9277669731473,99.18355578348472,102.09225785958958,4524
2025-03-01 00:02:48.573628,100.04130801727543,100.62225904872001,97.93837037469045,100.35378635951724,99.07065506753113,1699
2025-03-01 00:17:48.573628,100.10105512211987,101.04116568455149,99.28581356793438,100.37085604790134,99.80978565971998,6322
2025-03-01 00:32:48.573628,100.72629591365967,100.83554582031311,100.09280113711098,100.2801017620166,99.5539118227014,4793
2025-03-01 00:47:48.573628,100.08196074583378,100.81001209946122,99.71392197366717,101.53899883182305,99.99416157816829,9941
2025-03-01 01:02:48.573628,100.5691965052848,100.45121316840066,98.82936118648642,100.13884684285969,98.80850798073821,9398
2025-03-01 01:17:48.573628,99.47238641322178,100.89532696356832,98.45482096866662,100.47748199820407,99.23571970984632,7335
2025-03-01 01:32:48.573628,99.36844790977945,101.70339660379204,99.06642813486913,100.21261883555428,101.07354983690267,3887
2025-03-01 01:47:48.573628,99.31717866538501,100.2278450525691,98.2168020985625,101.74253600613206,99.76251959195406,4762
2025-03-01 02:02:48.573628,100.97844277355787,99.94429484290475,98.88466030575536,99.59069159688059,101.23766193110455,8868
2025-03-01 02:17:48.573628,100.66692424984332,101.18250025486142,98.20042005920997,99.78667805155823,100.21009921955633,4598
2025-03-01 02:32:48.573628,101.17653222253833,102.97707774185139,98.62989699849241,100.34599115741295,99.7497243641396,4050
2025-03-01 02:47:48.573628,99.7595384232426,100.07203206552566,99.40528867653207,102.32381247582302,99.60644794290924,2290
2025-03-01 03:02:48.573628,98.09504161450077,103.38828593380225,97.5774325402664,98.71296179279626,98.61869939048398,2090
2025-03-01 03:17:48.573628,101.11753558557125,100.28598712850562,98.28453020525032,101.01639378999495,100.1581563839317,7955
2025-03-01 03:32:48.573628,100.1640247916892,100.55781027849225,96.13473017375162,99.66119984439844,101.13080809785225,2931
2025-03-01 03:47:48.573628,101.233881998604,102.42343947019853,99.09764147320308,100.51325451660827,100.09198216650262,2825
2025-03-01 04:02:48.573628,99.50225858592039,99.9378901977409,99.89931640414108,99.20670298597156,100.98228092224561,4590
2025-03-01 04:17:48.573628,100.75916346423998,100.21602320592578,99.71237219622111,98.85427014638535,100.14567942678659,8162
2025-03-01 04:32:48.573628,101.77560768089151,100.01569167527818,98.96670423428378,98.92290805349674,100.12844942585231,5415
2025-03-01 04:47:48.573628,101.72526696339489,100.68004086964307,99.58072376739463,99.51722150517188,98.37062971710317,4375
2025-03-01 05:02:48.573628,100.0943582030034,101.66010103691279,97.83534298256154,99.56501785648447,98.14485104222726,4181
2025-03-01 05:17:48.573628,99.77261227830384,101.04722796247069,100.06272726794185,100.00981442160631,98.4793924267282,1794
2025-03-01 05:32:48.573628,100.24447344567149,98.91190119758004,98.2178121066121,99.2613311280422,100.03369954137239,2511
2025-03-01 05:47:48.573628,99.9253400699383,102.42985269237796,99.36966860418278,101.67621950335464,102.13543988919736,4656
2025-03-01 06:02:48.573628,101.12291888189613,101.11306995918167,98.9525421126172,101.09149074835514,100.98210829240895,3496
2025-03-01 06:17:48.573628,99.46565203679195,100.26379613340949,99.9382579314854,98.71300012888335,100.27713724852438,7010
2025-03-01 06:32:48.573628,99.72026117256185,103.03761626312874,100.36974539911108,98.11339955269555,99.69521988489952,3844
2025-03-01 06:47:48.573628,99.98342788216395,100.45939139075149,98.77051835605276,98.51586257823661,101.35757473808593,2624
2025-03-01 07:02:48.573628,102.22553219155023,101.34746666643132,99.3086055037731,101.57061383689911,100.49713794915955,8607
2025-03-01 07:17:48.573628,99.444231715858,102.5753137640814,99.0783027215151,101.66642693452238,100.80007231728787,8743
2025-03-01 07:32:48.573628,99.20744726323517,101.7444566757558,100.2065495987791,101.00338836240388,98.51475582338827,1190
2025-03-01 07:47:48.573628,100.53006646034163,100.92262318212974,99.51238759055725,100.97738454704722,99.97862967142504,3375
2025-03-01 08:02:48.573628,101.76355261631949,101.38290210206047,101.33395591559865,99.69603462099714,100.04964172363326,5050
2025-03-01 08:17:48.573628,100.58400511555142,102.86917601314305,99.9523576494156,100.68104200185375,99.41801229851177,8237
2025-03-01 08:32:48.573628,100.14601670839143,100.0956196534722,98.43842391416545,98.21358137679145,98.46052509991554,6321
2025-03-01 08:47:48.573628,100.28649481398085,100.14880947396749,98.73189621961895,100.60130134151818,103.03184454783919,1287
2025-03-01 09:02:48.573628,98.90451765194993,100.49241240199282,99.24905425995783,99.44051652286534,99.4571748340918,1347
2025-03-01 09:17:48.573628,98.90375510177972,100.2102768760147,98.31209706143143,100.93636357341086,100.56362183832671,4088
2025-03-01 09:32:48.573628,98.97618759017533,101.36260731625124,98.50271797494945,99.83871199435326,101.53627571215723,1974
2025-03-01 09:47:48.573628,99.57430562404048,101.99961614416297,97.68131662750093,100.29428612198775,100.05995897658258,9612
2025-03-01 10:02:48.573628,100.28121151001001,101.40318429934389,99.68631498978252,97.36538364983313,99.21704146653904,2379
2025-03-01 10:17:48.573628,98.82252715245285,101.06663781017961,98.20356253462607,100.83818876150521,98.37734543166644,2868
2025-03-01 10:32:48.573628,99.12867096412513,102.39603851204855,98.69825730585184,100.51205672674003,99.93060346938759,2880
2025-03-01 10:47:48.573628,100.83918949638597,100.14065654682685,97.61287332013467,100.5872756473662,99.35506753829374,3610
2025-03-01 11:02:48.573628,99.50959822069824,102.82080107327442,99.12261638120664,100.9764216674387,100.62481420439298,2491
2025-03-01 11:17:48.573628,101.61978404368526,100.97161142699834,98.76320435898916,99.53111427662986,100.74560122081888,4720
2025-03-01 11:32:48.573628,99.81349763219637,100.50569667786499,98.24046958835568,100.25233565970468,100.10538141458589,5829
2025-03-01 11:47:48.573628,100.30028284061486,100.91881200639016,98.97984402622157,99.67007042421511,98.94753370077414,2906
2025-03-01 12:02:48.573628,100.2862708807521,100.20753672381943,100.20145381006486,97.46838884984979,98.93962500005053,4831
2025-03-01 12:17:48.573628,99.25798500400613,101.74763450451167,96.52964541584909,102.36506096087605,98.86680640303892,9175
2025-03-01 12:32:48.573628,98.90495303793011,100.94030554081961,97.77073352210135,98.85316628636832,99.2931473592723,9368
2025-03-01 12:47:48.573628,99.42698260145455,102.20726840845516,98.42271560661901,100.52988072240032,100.83877041822122,5277
2025-03-01 13:02:48.573628,102.39145816141087,98.97629589274474,97.95064295260352,100.17653569550421,100.63910181456794,7561
2025-03-01 13:17:48.573628,100.06704288884991,99.77641271910704,99.61102482229578,100.61054857712244,100.9192649527987,7562
2025-03-01 13:32:48.573628,98.15048100155188,102.14817349000417,100.049101735396,100.05892113038475,100.67313611241023,2512
2025-03-01 13:47:48.573628,99.45076592709603,101.213098370313,97.36642841363876,100.15623373822687,100.81529948642344,6281
2025-03-01 14:02:48.573628,100.32086701953335,101.17890696469986,98.81315617052641,99.82796814926145,98.62186362389649,9312
2025-03-01 14:17:48.573628,101.48890812205146,101.15766623463566,98.63950764608268,100.12387639025589,99.66689612425245,9996
2025-03-01 14:32:48.573628,99.78866257058823,99.56315230257172,99.81490128187681,99.4659587725319,100.8219442308665,1201
2025-03-01 14:47:48.573628,100.52507690897384,100.23304920892461,100.20636638731925,100.7190949142032,100.48731644442707,5776
2025-03-01 15:02:48.573628,99.78332427255076,101.99184461656047,99.57376351494868,101.4170904433025,99.9680239684569,6375
2025-03-01 15:17:48.573628,99.11847266516793,99.28721588113919,99.78096583130136,98.40239737754496,96.88466922620053,3840
2025-03-01 15:32:48.573628,100.38421788638254,100.97534980085332,99.50493628389913,100.46367109187872,100.97135149763025,2229
2025-03-01 15:47:48.573628,99.70338439731162,102.06038415980387,99.55061709880374,100.67218119168686,98.42284181811247,2991
2025-03-01 16:02:48.573628,98.582728888534,101.93410594924404,98.90190905412084,100.58279511052493,101.21006799536312,8945
2025-03-01 16:17:48.573628,99.88280623724718,100.69825574835414,97.12655007965782,99.3806113370441,101.13245819079,9712
2025-03-01 16:32:48.573628,99.0834751140772,101.4952645142167,99.88509908186023,98.95721952722904,99.44089847193638,2918
2025-03-01 16:47:48.573628,99.5009052193166,99.00113076030254,98.98916382901095,101.3139115452648,98.76543894778932,6021
2025-03-01 17:02:48.573628,99.27206709636619,100.09023467808568,99.4051719348543,98.85192881564777,101.15454088555157,2229
2025-03-01 17:17:48.573628,97.27174446889407,103.29174856333827,99.57253774269597,100.45935127841847,100.7796244840522,5723
2025-03-01 17:32:48.573628,100.73267140472255,99.45743678152525,100.76628472997753,99.11974003711629,100.63135026687948,9646
2025-03-01 17:47:48.573628,100.60565525694085,101.57805845400965,100.26805700080483,98.82550642580334,100.2961890872281,7666
2025-03-01 18:02:48.573628,99.50552572894415,99.7697391817444,97.69466014591832,99.23194401812985,100.71879873085007,6064
2025-03-01 18:17:48.573628,100.68172871624235,100.23471986084155,97.33062376883835,99.95513141915963,101.66234726627309,4963
2025-03-01 18:32:48.573628,98.11681740351389,101.46052117669366,97.85812283983807,98.40045542563398,100.4343267606034,8040
2025-03-01 18:47:48.573628,100.51378713733472,100.2340468566926,99.4750024452092,100.77752200927584,100.16374885709477,7997
2025-03-01 19:02:48.573628,100.35821480559272,102.94417981961746,99.08039820445377,100.48242688162736,100.35402964271886,9493
2025-03-01 19:17:48.573628,101.6464177989059,101.98816098354561,100.506876189297,100.23757607774968,102.22113714273574,8869
2025-03-01 19:32:48.573628,99.36143760460259,100.522035349485,99.26667733520182,100.22723788181702,100.29517737030898,3747
2025-03-01 19:47:48.573628,99.92604974534741,101.59993900582789,100.4931707209113,99.8422742503415,100.00457509258656,1753
2025-03-01 20:02:48.573628,99.14443124852794,102.81015155149817,99.52991877948075,100.17822894745538,100.7915339047919,1724
2025-03-01 20:17:48.573628,99.41303624450673,101.53667391955499,99.25197272429271,101.09715655773111,98.83160326362521,4272
2025-03-01 20:32:48.573628,100.63542840423865,101.97345991784194,98.92864895807283,101.33601801024571,100.59427287255906,4924
2025-03-01 20:47:48.573628,100.13289028975623,99.19863680395841,97.74075113041768,99.11792607623217,101.7115339924217,9016
2025-03-01 21:02:48.573628,99.66904199657158,100.35877600304953,98.33891729759719,98.37172573360618,99.0173086355573,3774
2025-03-01 21:17:48.573628,99.20390159869464,101.47968214226117,98.87813575060811,98.37872611618027,99.77422268238934,4005
2025-03-01 21:32:48.573628,100.10435312757879,100.89677787452364,99.42697467993747,100.38771703499404,99.15672386141193,8799
2025-03-01 21:47:48.573628,100.99511706454663,100.71931920463564,99.08935063545526,99.13150812010967,99.79667793633237,5460
2025-03-01 22:02:48.573628,98.59447607802544,102.72679197236643,100.00977719758376,99.72639644354526,99.80466327987037,3639
2025-03-01 22:17:48.573628,98.97288256526619,99.37167824797854,100.03534933639511,99.84323099604266,99.23460999253265,8841
2025-03-01 22:32:48.573628,101.17088016288214,101.44072690202427,98.89143329698062,99.73110514406753,98.93641361846079,6775
2025-03-01 22:47:48.573628,99.7376238827358,103.09383861842602,100.79986424178092,96.61069207722224,100.25647744864067,2582
2025-03-01 23:02:48.573628,99.06371464230037,101.36861513489183,99.50820117556732,99.13570145480556,99.7026707152674,6760
2025-03-01 23:17:48.573628,98.71601203219731,100.89061904726334,98.40878361397738,99.3155674352808,100.64100561342116,6562
2025-03-01 23:32:48.573628,98.68688597489621,101.31188540702993,100.60731393007785,101.28151328157062,99.8047707511551,3922
2025-03-01 23:47:48.573628,99.46062500261912,101.250605572716,99.70079959846456,99.91481515926138,99.07268086693159,2781
2025-03-02 00:02:48.573628,101.22574329033198,100.97551140277879,101.22351819202713,99.67596338249079,100.89787443489911,5009
2025-03-02 00:17:48.573628,100.81194153911486,99.87468549210857,99.13393549340027,99.54511738468432,99.96838646555034,1503
2025-03-02 00:32:48.573628,99.25790438411623,102.7755663571386,99.3518129642178,99.89615049133508,98.92762526198693,9812
2025-03-02 00:47:48.573628,102.10040992779322,102.13374888437008,97.3014878913306,98.74802090816712,99.6595307658988,7954
2025-03-02 01:02:48.573628,99.73034915230463,99.62088776354679,99.82803950066832,100.51392149295654,98.00852552566738,7162
2025-03-02 01:17:48.573628,98.81241404331483,99.40731712189869,98.99982277071932,100.7485926703291,99.88502771361398,9121
2025-03-02 01:32:48.573628,101.06508044164167,101.19649125156116,100.424591670445,99.9422024531134,101.07777347542091,4790
2025-03-02 01:47:48.573628,100.64477079220745,102.56375504402266,98.71827398892742,99.02019233897111,99.33192185436297,8804
2025-03-02 02:02:48.573628,100.01181086130904,101.58773801444259,98.57239317701547,99.4141810659019,98.64721031367336,8673
2025-03-02 02:17:48.573628,100.04863046775294,99.19189640412004,98.75137942954221,100.84732437604556,99.9232452842489,1549
2025-03-02 02:32:48.573628,99.76739730159119,100.10136860515648,98.18158887325671,97.88542797049543,101.00099723911428,3552
2025-03-02 02:47:48.573628,100.11222954260089,101.84112476021517,100.03916832913143,100.29494404435538,101.11496123861731,1739
2025-03-02 03:02:48.573628,100.14879670364442,101.25627648471576,97.39813090036829,101.40637459208332,100.13099209351013,1976
2025-03-02 03:17:48.573628,100.29686474741641,100.82220997651,99.13608320640738,100.92372426896985,100.77670551037689,8139
2025-03-02 03:32:48.573628,98.89529194780543,100.84881466092239,96.7802837259221,100.37200360815642,98.57573144851257,7859
2025-03-02 03:47:48.573628,99.534092908126,101.0248996736348,100.70815557036626,100.10601194173094,100.50643564044003,4939
2025-03-02 04:02:48.573628,101.3344678839068,101.83644459972682,98.81425287194035,100.21717063255214,102.08098601839441,3768
2025-03-02 04:17:48.573628,100.61002992790284,100.90938476543357,99.9351812887534,99.80393957026111,101.28284430555794,6083
2025-03-02 04:32:48.573628,102.11425965439605,100.69791344206129,100.96986274428073,100.64093051088548,98.81541483089217,3462
2025-03-02 04:47:48.573628,100.37076507637491,100.85002135898094,99.63626414434202,100.24825197024339,98.3844962082224,3101
2025-03-02 05:02:48.573628,101.08805357923777,100.98190729553453,98.67825186790891,98.83508882846219,99.02118078512686,6914
2025-03-02 05:17:48.573628,98.45726987434476,102.52846097904869,98.69855607180797,101.01817562556315,100.78136165174367,3255
2025-03-02 05:32:48.573628,99.91457208631647,100.8266897762294,99.31478603432002,100.31276591876183,99.24573759685175,5408
2025-03-02 05:47:48.573628,100.68601422597227,101.71721355695502,98.5124901178758,101.61764380153296,98.9650707881966,1969
2025-03-02 06:02:48.573628,99.20137936845147,100.88142329535903,101.2369537908962,101.90630643524413,101.13698603501408,9383
2025-03-02 06:17:48.573628,100.14736748619968,101.10601423291354,101.5513821997649,98.99088735089722,100.32821229863737,8589
2025-03-02 06:32:48.573628,101.3557856211887,102.12865238488862,98.55418442332474,101.43313361782414,99.74073043972655,6948
2025-03-02 06:47:48.573628,99.18937412603,103.68866335830931,100.18273477584763,98.96384533561378,101.7771296664947,5866
2025-03-02 07:02:48.573628,98.92518064412812,101.97265009175051,99.66689981902836,99.42808217689227,100.7222928657816,1531
2025-03-02 07:17:48.573628,100.19834329205,101.81846055093013,98.56210508345102,99.27122710052494,98.12147349014963,1978
2025-03-02 07:32:48.573628,99.83752944276705,100.04633132932726,99.77599787796173,100.12188745779522,99.92776038191073,7329
2025-03-02 07:47:48.573628,99.75713955323904,99.79582380468992,98.61016498695884,98.5332925541138,98.7384974605446,9658
2025-03-02 08:02:48.573628,100.54390593809195,99.6314472555253,99.08998816922882,98.80463674547224,99.96295879506151,4880
2025-03-02 08:17:48.573628,100.86824752966632,101.14755369591033,99.83649023470024,99.952197665957,99.96793657965186,9046
2025-03-02 08:32:48.573628,100.4512076230084,102.66731409085315,98.08862454954017,100.90305804242232,99.59624125039298,4497
2025-03-02 08:47:48.573628,99.60319705736552,99.41336878587238,101.0929393406411,100.03279790958173,100.10607689351718,6226
2025-03-02 09:02:48.573628,101.18527320475582,100.85445402607935,99.0252189628846,100.38628348684651,100.50017202463296,5861
2025-03-02 09:17:48.573628,99.00870802792659,102.43148598783218,98.31431527079951,100.09189228089001,100.81279868058157,2071
2025-03-02 09:32:48.573628,99.56750819162552,99.53304206577437,100.36467085290035,101.08591966756273,100.17593619890742,5586
2025-03-02 09:47:48.573628,100.28175635618345,102.32397755113678,98.01358531943762,98.97335648318827,97.14988277276025,2162
2025-03-02 10:02:48.573628,99.63957179617591,101.58948893031916,97.6900811409914,99.93306155134647,99.6277742185491,4267
2025-03-02 10:17:48.573628,100.52609844256506,102.67051701444113,99.91091374211528,98.57689953585368,99.54075327519284,8180
2025-03-02 10:32:48.573628,98.74013483528887,99.71975410996882,99.47853722100524,99.41872375110371,100.18915994386043,3983
2025-03-02 10:47:48.573628,99.34581192109317,100.91289104536135,98.91400454527214,100.056770783862,100.22350508688979,8725
2025-03-02 11:02:48.573628,102.09726292440364,102.12261662066449,99.904250908886,100.03129456814531,101.2912249660472,4519
2025-03-02 11:17:48.573628,100.56537556657793,103.46857669150911,97.78011761344223,99.50325785799745,100.11179863115022,4872
2025-03-02 11:32:48.573628,99.01632855541948,100.851924401557,97.48754594672813,101.49113601098625,98.40062644368845,8011
2025-03-02 11:47:48.573628,99.99346123248985,102.03938929358557,98.77191551194824,101.09303793596378,99.19017099106601,4289
2025-03-02 12:02:48.573628,99.5973725624166,100.65622954159973,100.43059956170715,99.48900554079437,99.73676389886431,8737
2025-03-02 12:17:48.573628,101.09569193755989,100.65058973184281,98.25588908684584,97.74225777048235,101.25842654162498,2771
2025-03-02 12:32:48.573628,99.64052063333946,101.7588843726379,99.25893274819597,98.8594429015347,99.02683897244083,6826
2025-03-02 12:47:48.573628,98.85398993802704,100.76011319102234,95.83838379865264,99.8247788765718,101.02773641437973,3728
2025-03-02 13:02:48.573628,100.33754214067523,103.22036928083541,100.9936123207208,100.15997674325943,101.40287752951981,1734
2025-03-02 13:17:48.573628,100.47604898503705,99.77333679995769,101.17493210196864,99.93871612235081,102.05925805762742,6012
2025-03-02 13:32:48.573628,99.05391387282559,100.62536648089886,98.72189742248617,98.71068552567338,99.86926438657797,7385
2025-03-02 13:47:48.573628,98.56450299813285,100.41422839713701,99.27088909643834,100.50398954078345,100.17668179408396,2516
2025-03-02 14:02:48.573628,101.21711171414887,99.8949699237235,98.75831484895848,99.6315558437246,99.95300883080603,8424
2025-03-02 14:17:48.573628,100.66357156822966,101.53948924143336,99.21433798509089,102.83092797605033,100.65742470734719,5771
2025-03-02 14:32:48.573628,101.07758180578475,101.2528296878037,99.72513345730725,99.44545287583134,101.09819830514472,3788
2025-03-02 14:47:48.573628,100.49244971337154,100.9505572874606,99.74410036514044,99.88276041892102,98.45260008186546,1635
2025-03-02 15:02:48.573628,98.90519720633847,102.84361683555021,99.32179306195863,100.04638667201243,97.51932327484226,5669
2025-03-02 15:17:48.573628,98.84474123616455,101.66775815931108,98.11157222952323,98.77323165890361,99.3353189181484,6109
2025-03-02 15:32:48.573628,99.66750058275662,100.59809972159404,97.50824294267517,100.41762751217334,100.93457895977107,2128
2025-03-02 15:47:48.573628,101.49580955534873,101.62762525833796,98.76097450748757,99.88294419915898,98.28409998062557,6982
2025-03-02 16:02:48.573628,100.42754629313555,100.59409856363771,99.66532547843354,101.12090547988345,101.79828933505466,8824
2025-03-02 16:17:48.573628,101.73932491384818,100.1488894186518,98.05978361130308,100.0140391671017,100.37313814589346,5847
2025-03-02 16:32:48.573628,101.22130639352794,102.12074057218311,98.93730306381407,100.0617976595342,100.88990369479191,8728
2025-03-02 16:47:48.573628,99.90324144990723,102.05084565730421,98.21613622755368,99.72687574764385,100.42633000354832,8950
2025-03-02 17:02:48.573628,99.6754065729712,102.21593808752041,98.9769895511824,101.34754509452692,98.2076267706272,4514
2025-03-02 17:17:48.573628,99.06691930235445,98.73195538434597,97.51996155840688,100.45434038050813,100.01019255120607,9780
2025-03-02 17:32:48.573628,102.05450927048024,99.89657223179347,99.98819075359741,100.85668864158063,98.76499587683728,4133
2025-03-02 17:47:48.573628,99.74424351882902,100.30816072812719,99.1922752333683,102.05366691160263,99.97049411813528,9838
2025-03-02 18:02:48.573628,101.11376370774825,99.87455451332474,100.04459348289303,100.3053287037286,100.70343318406454,8657
2025-03-02 18:17:48.573628,100.2497051455832,100.53234942051752,99.42898593311341,101.09600969910832,101.51879313440793,5286
2025-03-02 18:32:48.573628,99.5304771669952,101.7626974489246,99.96982074343364,98.87595427988983,99.88044843517046,8143
2025-03-02 18:47:48.573628,99.62423633053673,100.98586290632004,100.76978654870905,100.83731177988604,98.2532310391327,5863
2025-03-02 19:02:48.573628,100.84093230030008,101.35271965083793,99.8124188924569,100.22870445458086,101.29266389506702,9756
2025-03-02 19:17:48.573628,100.35745214658667,101.79050592085872,99.43501290565244,100.79695477492395,97.79716873153463,5247
2025-03-02 19:32:48.573628,99.86413569216126,101.92683064752572,99.8031186054936,100.58732796724286,99.01913370404667,4998
2025-03-02 19:47:48.573628,100.42275209313671,100.96442326722385,97.19755400017974,100.06157112285861,100.12275633133635,2079
2025-03-02 20:02:48.573628,99.15087351431318,101.86338593050255,98.52771159478273,101.41197917844774,100.80189150980291,4497
2025-03-02 20:17:48.573628,100.63395010330969,101.29254385385443,100.98650411837218,102.4770901721335,101.40780004847002,3805
2025-03-02 20:32:48.573628,100.34869394797504,100.56945660338815,97.83835547975019,100.258579888853,99.31519323045453,8048
2025-03-02 20:47:48.573628,99.36793038280283,100.00670361189107,98.16297841441538,101.24445983624044,100.70207114103135,2349
2025-03-02 21:02:48.573628,99.57097481382831,102.9279987066096,100.887860447019,99.18347404022253,99.6389783324388,5892
2025-03-02 21:17:48.573628,98.85530081254089,99.31666480056602,98.91300507131876,100.51971494255274,98.25929518269008,6051
2025-03-02 21:32:48.573628,99.46746685757499,101.00235810613731,99.23988890907873,97.99735188695844,100.2969381912184,5568
2025-03-02 21:47:48.573628,98.42255371878302,102.02544714446168,100.41899245596673,100.39148730878652,99.57731610680743,7594
2025-03-02 22:02:48.573628,100.034956400891,100.26157761705359,100.13761666978048,100.04819087373005,100.13034529835795,9444
2025-03-02 22:17:48.573628,99.16636433437577,101.09076840416063,98.86009235865389,99.66420854295312,100.24544922996772,2596
2025-03-02 22:32:48.573628,100.111314311959,101.25797288220969,99.43136273335023,99.89893727663743,100.06661188551561,8688
2025-03-02 22:47:48.573628,99.7964065960454,100.44671162090751,98.87776383790678,99.13321512977365,101.39071712781721,7719
2025-03-02 23:02:48.573628,99.31791424962415,99.26103959146054,97.38884409626442,98.5768721848925,100.11569381371774,5183
2025-03-02 23:17:48.573628,99.44017331686803,103.70313746570486,101.08731736821301,101.95829985700244,100.33580110588423,1855
2025-03-02 23:32:48.573628,100.05889344848721,101.534583146835,99.31178784915691,100.27021572471057,99.30135840352592,8706
2025-03-02 23:47:48.573628,100.41462914056828,101.79859945855854,98.75505212023741,97.89559733561885,99.63323441506401,9283
2025-03-03 00:02:48.573628,101.5321681682541,100.2520195444121,100.0145373429921,100.72372272048698,100.1449769393898,7949
2025-03-03 00:17:48.573628,99.70374064006134,100.15169234959079,98.06148655334688,100.21150014333605,99.90934540263792,8638
2025-03-03 00:32:48.573628,100.33318658353366,99.26885018830104,98.96413027561039,97.22837698722051,99.84493554462928,5664
2025-03-03 00:47:48.573628,98.89655502957831,100.47502547731314,97.24595565181032,100.0868217957702,99.54342385559933,5450
2025-03-03 01:02:48.573628,101.31852856869058,99.52334176230391,99.05168836211976,100.00194496057782,101.19149683295682,7940
2025-03-03 01:17:48.573628,99.21408617700281,101.61121693290652,99.82332414661907,98.8899099136043,100.25886922172772,8539
2025-03-03 01:32:48.573628,100.20271393946783,98.38069141101238,99.59215080682846,99.15246064333732,100.67948436407771,9015
2025-03-03 01:47:48.573628,99.3194129970062,102.45413044190386,98.51523046316295,99.95779018349816,99.74456339328344,6515
2025-03-03 02:02:48.573628,97.91685246853677,101.28476873417019,99.98951495184922,100.44234067790464,97.77362099008353,6330
2025-03-03 02:17:48.573628,98.2402411271842,100.13822175065523,98.77334510554539,101.5869903708408,98.45229044295434,6487
2025-03-03 02:32:48.573628,100.57037564839929,101.78202242382977,98.80497918426356,100.57139105901052,100.90354476700404,3202
2025-03-03 02:47:48.573628,100.57442719478519,101.00499246018207,98.04870843958075,98.82507598023965,98.39737546581202,2345
2025-03-03 03:02:48.573628,99.91006468772356,100.33760896538683,100.8550474220213,100.298185080074,98.21411426988028,5139
2025-03-03 03:17:48.573628,101.20447476237912,102.66113895991509,98.32301555732091,98.26310408857194,99.10080709304432,5638
2025-03-03 03:32:48.573628,99.8564065896556,101.05594422144686,97.43924537642188,101.40340600054569,98.5233115039208,9078
2025-03-03 03:47:48.573628,97.9396221911442,101.60029425664396,98.20112359268497,99.51560242753,99.88324220613158,3789
2025-03-03 04:02:48.573628,99.84065365658503,101.25985843535784,97.71647189771858,101.65022411682503,100.36594603948143,1509
2025-03-03 04:17:48.573628,101.51966240091323,101.8230292682092,97.81202875508457,99.74791088083585,99.54394229803898,3421
2025-03-03 04:32:48.573628,100.45429254507683,101.25022723886437,99.82797173259394,98.92632791282897,99.6853350072539,9412
2025-03-03 04:47:48.573628,99.8121055281593,101.15477771338335,99.23966517855179,100.41038002076358,100.20111736488526,2389
2025-03-03 05:02:48.573628,101.79618917020599,102.49336221531547,98.38579699379308,101.56911537830989,99.51401176256437,4721
2025-03-03 05:17:48.573628,100.1722440102784,101.07471824529314,98.48838369369204,98.70567187193319,101.71447150506697,3873
2025-03-03 05:32:48.573628,100.89665489579386,101.65721973829368,99.0976382319761,100.13835215227334,98.97932976133767,1045
2025-03-03 05:47:48.573628,100.29857426889497,101.38181619553119,99.32779965908863,99.67007482193786,99.51858507386467,5047
2025-03-03 06:02:48.573628,99.63514501592154,101.52426875284984,99.35799039267773,100.41978494864662,100.00017634337578,5561
2025-03-03 06:17:48.573628,101.05945600072056,101.75315660917454,99.22030073223145,99.99779378996055,100.45223372972966,9498
2025-03-03 06:32:48.573628,100.26716324614573,99.60420942514365,99.63791603774233,99.47280553569998,101.24051078917931,4596
2025-03-03 06:47:48.573628,99.23912460722107,100.39698776245535,98.86142260168502,100.08485651970291,99.8875785654129,2264
2025-03-03 07:02:48.573628,99.60526103905283,102.13932122894758,98.94714664094646,100.9073597613427,101.32045607318777,8588
2025-03-03 07:17:48.573628,101.38702765950941,100.63205611550049,98.50391508879693,98.85372654012578,101.78588223955039,2764
2025-03-03 07:32:48.573628,99.94078722983869,99.81078267350239,98.12908712864512,98.84441440609875,99.29561835677329,9338
2025-03-03 07:47:48.573628,99.9772624966444,100.86378794180617,101.11850726265976,100.25451336528616,101.8772346969646,6200
2025-03-03 08:02:48.573628,99.30636805595074,100.81545013341412,98.38887720768251,99.28908392593172,100.83055567058886,6756
2025-03-03 08:17:48.573628,101.35203390889019,100.67708689099868,101.03489098962635,98.65945194089198,100.44471326325363,6375
2025-03-03 08:32:48.573628,101.15920541110134,100.62313385815644,98.3636482084428,100.96276718411634,99.54665189146523,8369
2025-03-03 08:47:48.573628,101.67508730588403,100.59497725682037,97.87596765039092,99.44020452362734,99.44456217025082,4160
2025-03-03 09:02:48.573628,101.07211755983417,99.39937309180827,98.67301261220209,99.3828716674972,100.60246554454362,9555
2025-03-03 09:17:48.573628,99.42499935890567,101.68221285496689,97.44813059661128,99.40276722912436,100.23185081314284,1652
2025-03-03 09:32:48.573628,98.92702459397887,101.67889477621281,99.88073958385077,99.68686109276786,97.47749238670283,4689
2025-03-03 09:47:48.573628,99.84327244381024,99.58272095632171,98.68562210692932,98.86683283512058,101.20102509275078,8631
2025-03-03 10:02:48.573628,99.07053476479615,101.51828442504288,100.00927585557693,100.6500099870382,100.74144104462832,2182
2025-03-03 10:17:48.573628,101.67830430099565,100.94713257380344,100.90571762568831,99.04712175963127,100.86537577401678,4480
2025-03-03 10:32:48.573628,100.54067471586939,100.94268413518905,98.2224435168776,100.243105174975,99.59017467288312,9039
2025-03-03 10:47:48.573628,101.35164832965451,102.89733914844298,97.36669238022674,99.95371203631953,100.36008396207478,6090
2025-03-03 11:02:48.573628,101.27749636455279,99.95090324511423,98.90913219942377,98.33290721881575,99.82031438660258,6241
2025-03-03 11:17:48.573628,100.34913419043808,102.57122541186654,98.89141165320274,100.97515164152631,99.43482175046505,6341
2025-03-03 11:32:48.573628,99.45732301180016,98.84624824298551,98.71895860070872,99.52548636575337,99.76363033109556,5445
2025-03-03 11:47:48.573628,99.99936418877672,101.91389038370994,99.08023255865726,101.54390573788513,99.45793770550647,8495
2025-03-03 12:02:48.573628,100.77479117948381,100.85908279991607,98.93959871831342,99.91889343794679,100.03424623870741,2920
2025-03-03 12:17:48.573628,99.59405395019245,99.7375355294908,96.87331286295992,100.6516833503617,101.62354063828019,8404
2025-03-03 12:32:48.573628,99.38418571044402,101.82432165885353,98.80744518827328,99.51456390877823,98.7936138091552,7098
2025-03-03 12:47:48.573628,100.29922333039632,101.45857059553549,97.77599899386001,100.0404344778919,99.76459809618866,1779
2025-03-03 13:02:48.573628,99.36110838762151,101.40725979538827,100.51165870385206,99.26464204966705,100.41677995743777,4088
2025-03-03 13:17:48.573628,99.82497438432813,100.31612348058509,97.83929831612517,98.56180053557449,99.62231722325846,4456
2025-03-03 13:32:48.573628,99.7215142972682,101.31398566523004,99.8676123300553,99.01572088399544,99.0233117405395,9935
2025-03-03 13:47:48.573628,98.18111511812043,99.80323406255765,99.31465013592249,98.19013851848169,100.0611000989052,9635
2025-03-03 14:02:48.573628,100.70751287558585,100.63340200430353,99.05065551911389,100.9431713880243,99.59255244937437,9405
2025-03-03 14:17:48.573628,100.67942676964621,101.57505312994093,96.3702195374218,99.77723941568524,98.5065222585098,9196
2025-03-03 14:32:48.573628,101.45234839847554,100.00667849021872,99.31273531892873,102.44983109115384,102.22479138619289,8142
2025-03-03 14:47:48.573628,99.6408998505244,99.65135324084864,98.48034657913246,100.08037403145481,99.70638139030311,7924
2025-03-03 15:02:48.573628,99.52418086468009,101.48552069432684,99.95822059921846,100.42991442434327,99.09618924082625,8716
2025-03-03 15:17:48.573628,100.06008320894077,100.0485449858561,99.07652062882502,99.56373890275101,100.95382005725462,7212
2025-03-03 15:32:48.573628,99.78099570473186,101.55593691835921,99.02353479481253,100.92788185065793,98.10366452923309,3780
2025-03-03 15:47:48.573628,100.090954203842,101.12092193999175,98.68424581097331,99.72661872534383,100.34724923367841,1096
2025-03-03 16:02:48.573628,99.23834703130936,101.52808104659051,97.40174629776891,101.06894761093457,100.31000784744305,5681
2025-03-03 16:17:48.573628,100.70959217350172,103.10236919729377,97.65672561073288,101.70726483743708,97.27374241760677,8792
2025-03-03 16:32:48.573628,100.75391314914536,100.208595643046,98.98440505480745,100.44337002145319,100.66303177947127,8663
2025-03-03 16:47:48.573628,99.86822563526542,101.37244572309478,98.21826491634123,101.25486769705283,100.12314675969449,6731
2025-03-03 17:02:48.573628,99.79561178099941,100.7883151212253,98.55507695400031,98.52951033432748,99.70772039103998,5329
2025-03-03 17:17:48.573628,100.58747514617843,101.52571762229587,97.31207058666969,100.15135188833008,101.42482854505108,3867
2025-03-03 17:32:48.573628,99.26025829302361,101.31512194543157,99.435143375682,101.09722411088633,102.21676584334823,9855
2025-03-03 17:47:48.573628,101.38287549651062,101.6870735508469,98.95287050056787,100.4878510127212,100.38120159829603,1028
2025-03-03 18:02:48.573628,97.89551631208776,98.06970565802091,97.41794906603356,100.01362769322404,100.24032412263988,3803
2025-03-03 18:17:48.573628,102.28408937994689,100.27508190343704,100.74250704318177,99.73568728782598,101.02945176569344,3395
2025-03-03 18:32:48.573628,98.6414209734335,99.67639688534865,97.09876996543858,100.4305817161791,99.1683342820926,2181
2025-03-03 18:47:48.573628,100.45257433080475,100.96718422511873,99.47369735966116,99.9999947051027,100.62896409230454,3777
2025-03-03 19:02:48.573628,99.3908664527464,101.97215497593267,99.57872661211724,100.18764585219608,101.51574824352949,3885
2025-03-03 19:17:48.573628,101.90463672558964,99.46271136806753,99.53118253637712,99.87577763457374,100.57220794640467,4463
2025-03-03 19:32:48.573628,99.34728952880461,102.38556581431246,98.08753499183585,100.0574077958589,99.00579329654188,9215
2025-03-03 19:47:48.573628,100.0830401517795,99.84534017208242,96.90367527712648,101.1411984883842,99.09322281684696,8008
2025-03-03 20:02:48.573628,99.82295491299405,101.11293192982636,99.63066660087709,98.95788332734752,99.35308677837408,1578
2025-03-03 20:17:48.573628,100.19123402720732,101.72166185574785,97.75880584069276,99.78649940689736,101.07574124348498,5621
2025-03-03 20:32:48.573628,100.53280689840734,101.78189778434084,99.21985206003072,98.9940309978985,100.82252485116322,2662
2025-03-03 20:47:48.573628,99.78009509872044,100.19704754800085,97.65210065932826,100.17382462713611,100.11762704097232,2192
2025-03-03 21:02:48.573628,99.41289752815142,101.76467289250981,99.1508319758811,98.48840302694892,101.0836163733068,9304
2025-03-03 21:17:48.573628,100.3941467692015,101.13486426905968,97.233939838186,101.40428121232821,98.72036951709154,6102
2025-03-03 21:32:48.573628,99.79694319145726,101.11184988475338,98.67191011177053,100.11212704363244,99.11523669140257,3589
2025-03-03 21:47:48.573628,101.53670209694886,100.53453905795655,98.48326509741428,100.86929605177893,101.28752394076854,3261
2025-03-03 22:02:48.573628,99.6648919553643,101.96137788968504,98.4254871783914,99.06713762045891,101.01743698285271,5421
2025-03-03 22:17:48.573628,99.20182617573477,100.02152693786611,98.37596455901074,98.82431015334618,100.71627731729173,7629
2025-03-03 22:32:48.573628,100.18175820029279,102.39814759040613,98.90932261186836,99.774855218938,99.30343954136005,5330
2025-03-03 22:47:48.573628,101.28900568740187,101.17440690051475,99.3846907385178,98.23497494736563,100.47786980902569,6250
2025-03-03 23:02:48.573628,99.85527096077699,100.68266469409427,99.59066469591396,100.5887154458018,99.56233236876538,6681
2025-03-03 23:17:48.573628,99.5765143217123,101.169845366181,99.38758571037313,100.82025118934932,101.68794024868164,5507
2025-03-03 23:32:48.573628,98.19047131623375,104.37275533951421,96.9209756008939,100.53025333970454,100.11923385927686,8422
2025-03-03 23:47:48.573628,100.4988918704805,99.82669817009312,99.52790246482148,101.2875072533532,100.26351380300602,9353
2025-03-04 00:02:48.573628,100.43303915133188,99.02662027506872,99.00240463551474,99.22163638136598,99.58016491228554,1922
2025-03-04 00:17:48.573628,100.92829119082529,101.39009307107658,98.50042056895668,100.125305984935,99.83169477366641,5700
2025-03-04 00:32:48.573628,100.6179714649622,101.24809181553127,99.75454251740646,99.0346775648859,99.70730225384078,9111
2025-03-04 00:47:48.573628,100.00082103647028,100.64700674246029,99.54814052672147,101.34902021738495,100.99224572152382,7206
2025-03-04 01:02:48.573628,98.9738969417388,99.15581585072115,98.47643397341359,100.3471930206273,99.43521097770011,9619
2025-03-04 01:17:48.573628,100.97571333543223,101.002255417151,99.31493612032742,100.56021294685729,99.67995717791574,9028
2025-03-04 01:32:48.573628,98.93414512591279,101.94216065719505,98.43675346536445,100.19007993168279,97.48565827743789,3428
2025-03-04 01:47:48.573628,100.21434285576224,101.82817710672207,99.97777256972411,99.19236882231304,99.42664716112482,5660
2025-03-04 02:02:48.573628,98.17963239039672,100.51621244031692,96.57424419232234,99.71687880785738,99.65218641731597,6110
2025-03-04 02:17:48.573628,102.08626668289428,99.38970251329903,99.35463402253966,99.4489412132532,101.70783985049272,6393
2025-03-04 02:32:48.573628,101.3644097813468,100.85714749325889,99.88053716198411,99.49056449533822,99.23739804226183,2145
2025-03-04 02:47:48.573628,99.39866231256453,100.5135072768527,98.77597489844938,100.27317115896595,100.6049065210299,6451
2025-03-04 03:02:48.573628,98.90077445784954,101.26550792613007,98.11697620434371,99.8229555566306,100.86441242496798,3843
2025-03-04 03:17:48.573628,100.62095305409669,100.62126824066317,98.5536501586232,101.98452084981638,100.60533767049014,3607
2025-03-04 03:32:48.573628,101.34682166466916,101.21647333804027,98.63169838184575,99.4595044058066,101.40136152059229,9231
2025-03-04 03:47:48.573628,103.0436755869805,101.57358545013847,99.24630337023667,101.10834642774219,99.53677345342804,9758
2025-03-04 04:02:48.573628,99.48866474293145,101.11443810885599,98.99354028979147,98.83080258343685,101.36973165672677,9361
2025-03-04 04:17:48.573628,101.87351248220813,100.37871179322896,97.9083341314042,101.8550424854559,101.13098566658654,5139
2025-03-04 04:32:48.573628,99.52119007053444,101.84417530270387,101.40378929325904,101.34861681107921,99.68613624192702,9636
2025-03-04 04:47:48.573628,98.43237028677594,102.20159942225722,97.11899256405312,100.37886913037974,99.89032484648857,9061
2025-03-04 05:02:48.573628,100.31957425859453,101.69193819830521,97.67683922737442,100.66409324362667,101.40069400423546,5135
2025-03-04 05:17:48.573628,99.12500776696707,102.88148763403647,99.96550525915518,100.60931177677516,99.8087659250771,8218
2025-03-04 05:32:48.573628,100.41401800491573,100.40605766666062,97.95989717245155,101.5659201116139,99.32992229323783,9125
2025-03-04 05:47:48.573628,99.39057733482196,101.78068383954677,100.67685028879025,101.00255098088154,100.3503839762152,6518
2025-03-04 06:02:48.573628,99.00578203945696,101.0499083492312,98.66640812920546,99.98502960399117,100.13085390113227,4716
2025-03-04 06:17:48.573628,99.48220168823097,102.31364659921518,98.57546475110979,99.10029566487769,100.25546754132382,1708
2025-03-04 06:32:48.573628,100.182080094475,99.4007947414864,100.27159165995342,100.21719623131708,101.17274916312918,8733
