date,close,symbol,timeframe
2024-12-05 14:15:00,144.87600708007812,NVDA,15m
2024-12-05 14:30:00,145.0601043701172,NVDA,15m
2024-12-05 14:45:00,145.1811981201172,NVDA,15m
2024-12-05 15:00:00,145.34500122070312,NVDA,15m
2024-12-05 15:15:00,144.98989868164062,NVDA,15m
2024-12-05 15:30:00,144.97669982910156,NVDA,15m
2024-12-05 15:45:00,145.00999450683594,NVDA,15m
2024-12-06 09:30:00,144.9398956298828,NVDA,15m
2024-12-06 09:45:00,145.4949951171875,NVDA,15m
2024-12-06 10:00:00,144.80169677734375,NVDA,15m
2024-12-06 10:15:00,144.5500030517578,NVDA,15m
2024-12-06 10:30:00,144.243896484375,NVDA,15m
2024-12-06 10:45:00,143.73060607910156,NVDA,15m
2024-12-06 11:00:00,142.35000610351562,NVDA,15m
2024-12-06 11:15:00,142.69000244140625,NVDA,15m
2024-12-06 11:30:00,141.8699951171875,NVDA,15m
2024-12-06 11:45:00,142.0,NVDA,15m
2024-12-06 12:00:00,142.92999267578125,NVDA,15m
2024-12-06 12:15:00,142.91099548339844,NVDA,15m
2024-12-06 12:30:00,142.10000610351562,NVDA,15m
2024-12-06 12:45:00,142.4250030517578,NVDA,15m
2024-12-06 13:00:00,142.67999267578125,NVDA,15m
2024-12-06 13:15:00,142.6708984375,NVDA,15m
2024-12-06 13:30:00,142.55140686035156,NVDA,15m
2024-12-06 13:45:00,142.61500549316406,NVDA,15m
2024-12-06 14:00:00,142.37120056152344,NVDA,15m
2024-12-06 14:15:00,142.5850067138672,NVDA,15m
2024-12-06 14:30:00,142.44000244140625,NVDA,15m
2024-12-06 14:45:00,142.2799072265625,NVDA,15m
2024-12-06 15:00:00,141.9553985595703,NVDA,15m
2024-12-06 15:15:00,142.10499572753906,NVDA,15m
2024-12-06 15:30:00,142.04910278320312,NVDA,15m
2024-12-06 15:45:00,142.39999389648438,NVDA,15m
2024-12-09 09:30:00,139.0334930419922,NVDA,15m
2024-12-09 09:45:00,139.6699981689453,NVDA,15m
2024-12-09 10:00:00,138.94500732421875,NVDA,15m
2024-12-09 10:15:00,138.66000366210938,NVDA,15m
2024-12-09 10:30:00,138.35000610351562,NVDA,15m
2024-12-09 10:45:00,137.8300018310547,NVDA,15m
2024-12-09 11:00:00,137.5399932861328,NVDA,15m
2024-12-09 11:15:00,138.08999633789062,NVDA,15m
2024-12-09 11:30:00,138.03990173339844,NVDA,15m
2024-12-09 11:45:00,138.32000732421875,NVDA,15m
2024-12-09 12:00:00,138.5800018310547,NVDA,15m
2024-12-09 12:15:00,138.4499969482422,NVDA,15m
2024-12-09 12:30:00,139.06039428710938,NVDA,15m
2024-12-09 12:45:00,139.33999633789062,NVDA,15m
2024-12-09 13:00:00,139.59500122070312,NVDA,15m
2024-12-09 13:15:00,139.56500244140625,NVDA,15m
2024-12-09 13:30:00,139.63999938964844,NVDA,15m
2024-12-09 13:45:00,139.11900329589844,NVDA,15m
2024-12-09 14:00:00,139.08880615234375,NVDA,15m
2024-12-09 14:15:00,138.67999267578125,NVDA,15m
2024-12-09 14:30:00,138.3903045654297,NVDA,15m
2024-12-09 14:45:00,138.4481964111328,NVDA,15m
2024-12-09 15:00:00,138.22999572753906,NVDA,15m
2024-12-09 15:15:00,138.28500366210938,NVDA,15m
2024-12-09 15:30:00,138.52000427246094,NVDA,15m
2024-12-09 15:45:00,138.80499267578125,NVDA,15m
2024-12-10 09:30:00,141.60360717773438,NVDA,15m
2024-12-10 09:45:00,140.92999267578125,NVDA,15m
2024-12-10 10:00:00,140.8300018310547,NVDA,15m
2024-12-10 10:15:00,140.07000732421875,NVDA,15m
2024-12-10 10:30:00,139.39990234375,NVDA,15m
2024-12-10 10:45:00,138.14500427246094,NVDA,15m
2024-12-10 11:00:00,137.49000549316406,NVDA,15m
2024-12-10 11:15:00,137.17990112304688,NVDA,15m
2024-12-10 11:30:00,136.32000732421875,NVDA,15m
2024-12-10 11:45:00,136.97999572753906,NVDA,15m
2024-12-10 12:00:00,136.13499450683594,NVDA,15m
2024-12-10 12:15:00,136.2899932861328,NVDA,15m
2024-12-10 12:30:00,136.5699005126953,NVDA,15m
2024-12-10 12:45:00,136.4799041748047,NVDA,15m
2024-12-10 13:00:00,136.08999633789062,NVDA,15m
2024-12-10 13:15:00,136.41000366210938,NVDA,15m
2024-12-10 13:30:00,136.14340209960938,NVDA,15m
2024-12-10 13:45:00,135.7100067138672,NVDA,15m
2024-12-10 14:00:00,135.9199981689453,NVDA,15m
2024-12-10 14:15:00,135.88999938964844,NVDA,15m
2024-12-10 14:30:00,135.63499450683594,NVDA,15m
2024-12-10 14:45:00,134.6999969482422,NVDA,15m
2024-12-10 15:00:00,134.9407958984375,NVDA,15m
2024-12-10 15:15:00,134.5800018310547,NVDA,15m
2024-12-10 15:30:00,134.77099609375,NVDA,15m
2024-12-10 15:45:00,135.0,NVDA,15m
2024-12-11 09:30:00,136.25999450683594,NVDA,15m
2024-12-11 09:45:00,137.73910522460938,NVDA,15m
2024-12-11 10:00:00,137.52999877929688,NVDA,15m
2024-12-11 10:15:00,136.2050018310547,NVDA,15m
2024-12-11 10:30:00,136.3350067138672,NVDA,15m
2024-12-11 10:45:00,135.9149932861328,NVDA,15m
2024-12-11 11:00:00,137.19000244140625,NVDA,15m
2024-12-11 11:15:00,137.64999389648438,NVDA,15m
2024-12-11 11:30:00,137.41990661621094,NVDA,15m
2024-12-11 11:45:00,138.33999633789062,NVDA,15m
2024-12-11 12:00:00,138.72999572753906,NVDA,15m
2024-12-11 12:15:00,138.6300048828125,NVDA,15m
2024-12-11 12:30:00,138.68789672851562,NVDA,15m
2024-12-11 12:45:00,138.8686065673828,NVDA,15m
2024-12-11 13:00:00,138.84500122070312,NVDA,15m
2024-12-11 13:15:00,139.17880249023438,NVDA,15m
2024-12-11 13:30:00,139.3916015625,NVDA,15m
2024-12-11 13:45:00,139.74159240722656,NVDA,15m
2024-12-11 14:00:00,139.3979034423828,NVDA,15m
2024-12-11 14:15:00,139.45449829101562,NVDA,15m
2024-12-11 14:30:00,139.9550018310547,NVDA,15m
2024-12-11 14:45:00,139.77029418945312,NVDA,15m
2024-12-11 15:00:00,139.8000030517578,NVDA,15m
2024-12-11 15:15:00,140.11160278320312,NVDA,15m
2024-12-11 15:30:00,139.7949981689453,NVDA,15m
2024-12-11 15:45:00,139.27000427246094,NVDA,15m
2024-12-12 09:30:00,137.00999450683594,NVDA,15m
2024-12-12 09:45:00,136.89999389648438,NVDA,15m
2024-12-12 10:00:00,136.44009399414062,NVDA,15m
2024-12-12 10:15:00,136.6739959716797,NVDA,15m
2024-12-12 10:30:00,136.98500061035156,NVDA,15m
2024-12-12 10:45:00,137.07000732421875,NVDA,15m
2024-12-12 11:00:00,136.8096923828125,NVDA,15m
2024-12-12 11:15:00,136.72000122070312,NVDA,15m
2024-12-12 11:30:00,136.5500030517578,NVDA,15m
2024-12-12 11:45:00,136.2449951171875,NVDA,15m
2024-12-12 12:00:00,137.02499389648438,NVDA,15m
2024-12-12 12:15:00,137.37010192871094,NVDA,15m
2024-12-12 12:30:00,137.30999755859375,NVDA,15m
2024-12-12 12:45:00,137.90829467773438,NVDA,15m
2024-12-12 13:00:00,138.26499938964844,NVDA,15m
2024-12-12 13:15:00,138.2050018310547,NVDA,15m
2024-12-12 13:30:00,137.64999389648438,NVDA,15m
2024-12-12 13:45:00,137.49000549316406,NVDA,15m
2024-12-12 14:00:00,137.9801025390625,NVDA,15m
2024-12-12 14:15:00,137.96090698242188,NVDA,15m
2024-12-12 14:30:00,137.97000122070312,NVDA,15m
2024-12-12 14:45:00,138.05979919433594,NVDA,15m
2024-12-12 15:00:00,137.61000061035156,NVDA,15m
2024-12-12 15:15:00,137.38499450683594,NVDA,15m
2024-12-12 15:30:00,137.50999450683594,NVDA,15m
2024-12-12 15:45:00,137.30999755859375,NVDA,15m
2024-12-13 09:30:00,138.19000244140625,NVDA,15m
2024-12-13 09:45:00,138.8699951171875,NVDA,15m
2024-12-13 10:00:00,138.21499633789062,NVDA,15m
2024-12-13 10:15:00,136.49000549316406,NVDA,15m
2024-12-13 10:30:00,135.74000549316406,NVDA,15m
2024-12-13 10:45:00,134.16000366210938,NVDA,15m
2024-12-13 11:00:00,133.0,NVDA,15m
2024-12-13 11:15:00,132.9499969482422,NVDA,15m
2024-12-13 11:30:00,133.52000427246094,NVDA,15m
2024-12-13 11:45:00,133.5260009765625,NVDA,15m
2024-12-13 12:00:00,133.8800048828125,NVDA,15m
2024-12-13 12:15:00,133.27999877929688,NVDA,15m
2024-12-13 12:30:00,133.2698974609375,NVDA,15m
2024-12-13 12:45:00,133.5200958251953,NVDA,15m
2024-12-13 13:00:00,134.07080078125,NVDA,15m
2024-12-13 13:15:00,134.5294952392578,NVDA,15m
2024-12-13 13:30:00,134.2917938232422,NVDA,15m
2024-12-13 13:45:00,134.32640075683594,NVDA,15m
2024-12-13 14:00:00,133.98500061035156,NVDA,15m
2024-12-13 14:15:00,134.63479614257812,NVDA,15m
2024-12-13 14:30:00,134.19000244140625,NVDA,15m
2024-12-13 14:45:00,133.72000122070312,NVDA,15m
2024-12-13 15:00:00,134.02999877929688,NVDA,15m
2024-12-13 15:15:00,133.98699951171875,NVDA,15m
2024-12-13 15:30:00,133.72999572753906,NVDA,15m
2024-12-13 15:45:00,134.22000122070312,NVDA,15m
2024-12-16 09:30:00,131.35000610351562,NVDA,15m
2024-12-16 09:45:00,132.5198974609375,NVDA,15m
2024-12-16 10:00:00,131.18499755859375,NVDA,15m
2024-12-16 10:15:00,132.29010009765625,NVDA,15m
2024-12-16 10:30:00,132.0399932861328,NVDA,15m
2024-12-16 10:45:00,131.5500030517578,NVDA,15m
2024-12-16 11:00:00,131.10009765625,NVDA,15m
2024-12-16 11:15:00,130.92990112304688,NVDA,15m
2024-12-16 11:30:00,130.9300994873047,NVDA,15m
2024-12-16 11:45:00,131.38009643554688,NVDA,15m
2024-12-16 12:00:00,130.53900146484375,NVDA,15m
2024-12-16 12:15:00,130.96299743652344,NVDA,15m
2024-12-16 12:30:00,130.97999572753906,NVDA,15m
2024-12-16 12:45:00,131.47000122070312,NVDA,15m
2024-12-16 13:00:00,131.6800994873047,NVDA,15m
2024-12-16 13:15:00,131.3184051513672,NVDA,15m
2024-12-16 13:30:00,130.97500610351562,NVDA,15m
2024-12-16 13:45:00,131.11720275878906,NVDA,15m
2024-12-16 14:00:00,131.13999938964844,NVDA,15m
2024-12-16 14:15:00,131.61000061035156,NVDA,15m
2024-12-16 14:30:00,132.1300048828125,NVDA,15m
2024-12-16 14:45:00,131.91000366210938,NVDA,15m
2024-12-16 15:00:00,132.54989624023438,NVDA,15m
2024-12-16 15:15:00,132.39999389648438,NVDA,15m
2024-12-16 15:30:00,132.19459533691406,NVDA,15m
2024-12-16 15:45:00,131.99000549316406,NVDA,15m
2024-12-17 09:30:00,129.2449951171875,NVDA,15m
2024-12-17 09:45:00,127.44999694824219,NVDA,15m
2024-12-17 10:00:00,127.79000091552734,NVDA,15m
2024-12-17 10:15:00,127.62000274658203,NVDA,15m
2024-12-17 10:30:00,128.75999450683594,NVDA,15m
2024-12-17 10:45:00,128.90919494628906,NVDA,15m
2024-12-17 11:00:00,129.06179809570312,NVDA,15m
2024-12-17 11:15:00,128.99000549316406,NVDA,15m
2024-12-17 11:30:00,130.43080139160156,NVDA,15m
2024-12-17 11:45:00,129.74000549316406,NVDA,15m
2024-12-17 12:00:00,130.41000366210938,NVDA,15m
2024-12-17 12:15:00,131.19000244140625,NVDA,15m
2024-12-17 12:30:00,131.49830627441406,NVDA,15m
2024-12-17 12:45:00,130.91000366210938,NVDA,15m
2024-12-17 13:00:00,130.47999572753906,NVDA,15m
2024-12-17 13:15:00,129.72430419921875,NVDA,15m
2024-12-17 13:30:00,129.77999877929688,NVDA,15m
2024-12-17 13:45:00,129.74090576171875,NVDA,15m
2024-12-17 14:00:00,129.8800048828125,NVDA,15m
2024-12-17 14:15:00,129.89999389648438,NVDA,15m
2024-12-17 14:30:00,129.92999267578125,NVDA,15m
2024-12-17 14:45:00,129.83999633789062,NVDA,15m
2024-12-17 15:00:00,129.735595703125,NVDA,15m
2024-12-17 15:15:00,129.3249053955078,NVDA,15m
2024-12-17 15:30:00,129.89979553222656,NVDA,15m
2024-12-17 15:45:00,130.35000610351562,NVDA,15m
2024-12-18 09:30:00,135.4199981689453,NVDA,15m
2024-12-18 09:45:00,134.86000061035156,NVDA,15m
2024-12-18 10:00:00,134.97999572753906,NVDA,15m
2024-12-18 10:15:00,135.56370544433594,NVDA,15m
2024-12-18 10:30:00,135.72000122070312,NVDA,15m
2024-12-18 10:45:00,135.9499969482422,NVDA,15m
2024-12-18 11:00:00,136.0301055908203,NVDA,15m
2024-12-18 11:15:00,135.25,NVDA,15m
2024-12-18 11:30:00,134.72000122070312,NVDA,15m
2024-12-18 11:45:00,135.15989685058594,NVDA,15m
2024-12-18 12:00:00,135.22500610351562,NVDA,15m
2024-12-18 12:15:00,135.61500549316406,NVDA,15m
2024-12-18 12:30:00,135.29989624023438,NVDA,15m
2024-12-18 12:45:00,135.72000122070312,NVDA,15m
2024-12-18 13:00:00,135.98500061035156,NVDA,15m
2024-12-18 13:15:00,135.98500061035156,NVDA,15m
2024-12-18 13:30:00,135.72000122070312,NVDA,15m
2024-12-18 13:45:00,135.63999938964844,NVDA,15m
2024-12-18 14:00:00,134.1199951171875,NVDA,15m
2024-12-18 14:15:00,133.8699951171875,NVDA,15m
2024-12-18 14:30:00,133.72300720214844,NVDA,15m
2024-12-18 14:45:00,132.6999969482422,NVDA,15m
2024-12-18 15:00:00,131.91990661621094,NVDA,15m
2024-12-18 15:15:00,130.97000122070312,NVDA,15m
2024-12-18 15:30:00,128.9199981689453,NVDA,15m
2024-12-18 15:45:00,128.7100067138672,NVDA,15m
2024-12-19 09:30:00,130.875,NVDA,15m
2024-12-19 09:45:00,130.94000244140625,NVDA,15m
2024-12-19 10:00:00,132.00999450683594,NVDA,15m
2024-12-19 10:15:00,130.22000122070312,NVDA,15m
2024-12-19 10:30:00,131.17010498046875,NVDA,15m
2024-12-19 10:45:00,131.6199951171875,NVDA,15m
2024-12-19 11:00:00,131.39950561523438,NVDA,15m
2024-12-19 11:15:00,133.14990234375,NVDA,15m
2024-12-19 11:30:00,133.2740020751953,NVDA,15m
2024-12-19 11:45:00,133.0500030517578,NVDA,15m
2024-12-19 12:00:00,132.41000366210938,NVDA,15m
2024-12-19 12:15:00,131.61729431152344,NVDA,15m
2024-12-19 12:30:00,132.0500030517578,NVDA,15m
2024-12-19 12:45:00,132.39599609375,NVDA,15m
2024-12-19 13:00:00,131.97999572753906,NVDA,15m
2024-12-19 13:15:00,131.74000549316406,NVDA,15m
2024-12-19 13:30:00,132.02999877929688,NVDA,15m
2024-12-19 13:45:00,132.88999938964844,NVDA,15m
2024-12-19 14:00:00,132.3632049560547,NVDA,15m
2024-12-19 14:15:00,132.0408935546875,NVDA,15m
2024-12-19 14:30:00,131.67999267578125,NVDA,15m
2024-12-19 14:45:00,131.5301055908203,NVDA,15m
2024-12-19 15:00:00,131.39999389648438,NVDA,15m
2024-12-19 15:15:00,131.57009887695312,NVDA,15m
2024-12-19 15:30:00,131.2198944091797,NVDA,15m
2024-12-19 15:45:00,130.6719970703125,NVDA,15m
2024-12-20 09:30:00,129.14500427246094,NVDA,15m
2024-12-20 09:45:00,129.6750030517578,NVDA,15m
2024-12-20 10:00:00,131.22000122070312,NVDA,15m
2024-12-20 10:15:00,132.44679260253906,NVDA,15m
2024-12-20 10:30:00,133.27430725097656,NVDA,15m
2024-12-20 10:45:00,132.94529724121094,NVDA,15m
2024-12-20 11:00:00,133.79110717773438,NVDA,15m
2024-12-20 11:15:00,133.91000366210938,NVDA,15m
2024-12-20 11:30:00,134.75079345703125,NVDA,15m
2024-12-20 11:45:00,134.352294921875,NVDA,15m
2024-12-20 12:00:00,134.77000427246094,NVDA,15m
2024-12-20 12:15:00,134.98489379882812,NVDA,15m
2024-12-20 12:30:00,135.1251983642578,NVDA,15m
2024-12-20 12:45:00,134.44000244140625,NVDA,15m
2024-12-20 13:00:00,134.1300048828125,NVDA,15m
2024-12-20 13:15:00,133.69000244140625,NVDA,15m
2024-12-20 13:30:00,133.8800048828125,NVDA,15m
2024-12-20 13:45:00,134.1154022216797,NVDA,15m
2024-12-20 14:00:00,134.43260192871094,NVDA,15m
2024-12-20 14:15:00,134.92970275878906,NVDA,15m
2024-12-20 14:30:00,134.6199951171875,NVDA,15m
2024-12-20 14:45:00,134.39999389648438,NVDA,15m
2024-12-20 15:00:00,133.77499389648438,NVDA,15m
2024-12-20 15:15:00,133.889892578125,NVDA,15m
2024-12-20 15:30:00,133.14869689941406,NVDA,15m
2024-12-20 15:45:00,134.9600067138672,NVDA,15m
2024-12-23 09:30:00,136.5800018310547,NVDA,15m
2024-12-23 09:45:00,137.3195037841797,NVDA,15m
2024-12-23 10:00:00,136.08990478515625,NVDA,15m
2024-12-23 10:15:00,136.1999969482422,NVDA,15m
2024-12-23 10:30:00,136.16990661621094,NVDA,15m
2024-12-23 10:45:00,136.5500030517578,NVDA,15m
2024-12-23 11:00:00,137.2042999267578,NVDA,15m
2024-12-23 11:15:00,137.25990295410156,NVDA,15m
2024-12-23 11:30:00,137.6699981689453,NVDA,15m
2024-12-23 11:45:00,138.3699951171875,NVDA,15m
2024-12-23 12:00:00,137.92999267578125,NVDA,15m
2024-12-23 12:15:00,137.92999267578125,NVDA,15m
2024-12-23 12:30:00,138.19000244140625,NVDA,15m
2024-12-23 12:45:00,138.4600067138672,NVDA,15m
2024-12-23 13:00:00,138.6699981689453,NVDA,15m
2024-12-23 13:15:00,138.52999877929688,NVDA,15m
2024-12-23 13:30:00,139.0299072265625,NVDA,15m
2024-12-23 13:45:00,139.05999755859375,NVDA,15m
2024-12-23 14:00:00,139.5399932861328,NVDA,15m
2024-12-23 14:15:00,139.35000610351562,NVDA,15m
2024-12-23 14:30:00,139.4600067138672,NVDA,15m
2024-12-23 14:45:00,138.96499633789062,NVDA,15m
2024-12-23 15:00:00,139.0399932861328,NVDA,15m
2024-12-23 15:15:00,139.05999755859375,NVDA,15m
2024-12-23 15:30:00,139.28919982910156,NVDA,15m
2024-12-23 15:45:00,139.65499877929688,NVDA,15m
2024-12-24 09:30:00,141.19500732421875,NVDA,15m
2024-12-24 09:45:00,141.64190673828125,NVDA,15m
2024-12-24 10:00:00,141.1898956298828,NVDA,15m
2024-12-24 10:15:00,140.82009887695312,NVDA,15m
2024-12-24 10:30:00,140.8000030517578,NVDA,15m
2024-12-24 10:45:00,141.1999969482422,NVDA,15m
2024-12-24 11:00:00,141.34010314941406,NVDA,15m
2024-12-24 11:15:00,141.39500427246094,NVDA,15m
2024-12-24 11:30:00,141.22459411621094,NVDA,15m
2024-12-24 11:45:00,140.5,NVDA,15m
2024-12-24 12:00:00,140.75120544433594,NVDA,15m
2024-12-24 12:15:00,140.76449584960938,NVDA,15m
2024-12-24 12:30:00,139.94000244140625,NVDA,15m
2024-12-24 12:45:00,140.35000610351562,NVDA,15m
2024-12-26 09:30:00,140.06149291992188,NVDA,15m
2024-12-26 09:45:00,139.02000427246094,NVDA,15m
2024-12-26 10:00:00,138.19009399414062,NVDA,15m
2024-12-26 10:15:00,138.72000122070312,NVDA,15m
2024-12-26 10:30:00,138.92999267578125,NVDA,15m
2024-12-26 10:45:00,139.50250244140625,NVDA,15m
2024-12-26 11:00:00,139.49899291992188,NVDA,15m
2024-12-26 11:15:00,139.3699951171875,NVDA,15m
2024-12-26 11:30:00,139.54440307617188,NVDA,15m
2024-12-26 11:45:00,139.6199951171875,NVDA,15m
2024-12-26 12:00:00,140.16490173339844,NVDA,15m
2024-12-26 12:15:00,139.94009399414062,NVDA,15m
2024-12-26 12:30:00,139.82000732421875,NVDA,15m
2024-12-26 12:45:00,139.8800048828125,NVDA,15m
2024-12-26 13:00:00,139.8354949951172,NVDA,15m
2024-12-26 13:15:00,140.22000122070312,NVDA,15m
2024-12-26 13:30:00,140.01499938964844,NVDA,15m
2024-12-26 13:45:00,140.1490936279297,NVDA,15m
2024-12-26 14:00:00,139.99009704589844,NVDA,15m
2024-12-26 14:15:00,139.99000549316406,NVDA,15m
2024-12-26 14:30:00,140.19180297851562,NVDA,15m
2024-12-26 14:45:00,140.19000244140625,NVDA,15m
2024-12-26 15:00:00,139.93919372558594,NVDA,15m
2024-12-26 15:15:00,140.1649932861328,NVDA,15m
2024-12-26 15:30:00,140.19000244140625,NVDA,15m
2024-12-26 15:45:00,139.88999938964844,NVDA,15m
2024-12-27 09:30:00,136.30499267578125,NVDA,15m
2024-12-27 09:45:00,136.48500061035156,NVDA,15m
2024-12-27 10:00:00,135.4499053955078,NVDA,15m
2024-12-27 10:15:00,135.639892578125,NVDA,15m
2024-12-27 10:30:00,135.80999755859375,NVDA,15m
2024-12-27 10:45:00,135.96009826660156,NVDA,15m
2024-12-27 11:00:00,135.74000549316406,NVDA,15m
2024-12-27 11:15:00,136.86380004882812,NVDA,15m
2024-12-27 11:30:00,136.16000366210938,NVDA,15m
2024-12-27 11:45:00,136.02999877929688,NVDA,15m
2024-12-27 12:00:00,135.42869567871094,NVDA,15m
2024-12-27 12:15:00,135.6999969482422,NVDA,15m
2024-12-27 12:30:00,135.8350067138672,NVDA,15m
2024-12-27 12:45:00,136.0489044189453,NVDA,15m
2024-12-27 13:00:00,136.3699951171875,NVDA,15m
2024-12-27 13:15:00,135.95989990234375,NVDA,15m
2024-12-27 13:30:00,136.28050231933594,NVDA,15m
2024-12-27 13:45:00,136.69000244140625,NVDA,15m
2024-12-27 14:00:00,136.52999877929688,NVDA,15m
2024-12-27 14:15:00,136.23129272460938,NVDA,15m
2024-12-27 14:30:00,136.6699981689453,NVDA,15m
2024-12-27 14:45:00,136.89349365234375,NVDA,15m
2024-12-27 15:00:00,136.57000732421875,NVDA,15m
2024-12-27 15:15:00,136.76849365234375,NVDA,15m
2024-12-27 15:30:00,136.39999389648438,NVDA,15m
2024-12-27 15:45:00,137.13999938964844,NVDA,15m
2024-12-30 09:30:00,136.5749969482422,NVDA,15m
2024-12-30 09:45:00,136.89990234375,NVDA,15m
2024-12-30 10:00:00,138.3300018310547,NVDA,15m
2024-12-30 10:15:00,136.7100067138672,NVDA,15m
2024-12-30 10:30:00,137.8000946044922,NVDA,15m
2024-12-30 10:45:00,138.1999053955078,NVDA,15m
2024-12-30 11:00:00,137.64999389648438,NVDA,15m
2024-12-30 11:15:00,137.55990600585938,NVDA,15m
2024-12-30 11:30:00,138.0399932861328,NVDA,15m
2024-12-30 11:45:00,138.29989624023438,NVDA,15m
2024-12-30 12:00:00,138.46009826660156,NVDA,15m
2024-12-30 12:15:00,139.02000427246094,NVDA,15m
2024-12-30 12:30:00,139.52999877929688,NVDA,15m
2024-12-30 12:45:00,139.85240173339844,NVDA,15m
2024-12-30 13:00:00,140.13999938964844,NVDA,15m
2024-12-30 13:15:00,139.5500030517578,NVDA,15m
2024-12-30 13:30:00,139.82989501953125,NVDA,15m
2024-12-30 13:45:00,139.48089599609375,NVDA,15m
2024-12-30 14:00:00,139.13499450683594,NVDA,15m
2024-12-30 14:15:00,139.01100158691406,NVDA,15m
2024-12-30 14:30:00,139.2899932861328,NVDA,15m
2024-12-30 14:45:00,139.3699951171875,NVDA,15m
2024-12-30 15:00:00,139.23919677734375,NVDA,15m
2024-12-30 15:15:00,138.5998992919922,NVDA,15m
2024-12-30 15:30:00,138.5399932861328,NVDA,15m
2024-12-30 15:45:00,137.41000366210938,NVDA,15m
2024-12-31 09:30:00,136.9199981689453,NVDA,15m
2024-12-31 09:45:00,136.96499633789062,NVDA,15m
2024-12-31 10:00:00,136.17010498046875,NVDA,15m
2024-12-31 10:15:00,137.47000122070312,NVDA,15m
2024-12-31 10:30:00,136.86000061035156,NVDA,15m
2024-12-31 10:45:00,136.57400512695312,NVDA,15m
2024-12-31 11:00:00,136.08999633789062,NVDA,15m
2024-12-31 11:15:00,135.11000061035156,NVDA,15m
2024-12-31 11:30:00,135.47999572753906,NVDA,15m
2024-12-31 11:45:00,135.72500610351562,NVDA,15m
2024-12-31 12:00:00,135.69009399414062,NVDA,15m
2024-12-31 12:15:00,135.0500030517578,NVDA,15m
2024-12-31 12:30:00,134.5424041748047,NVDA,15m
2024-12-31 12:45:00,135.31500244140625,NVDA,15m
2024-12-31 13:00:00,135.30499267578125,NVDA,15m
2024-12-31 13:15:00,134.42999267578125,NVDA,15m
2024-12-31 13:30:00,134.32989501953125,NVDA,15m
2024-12-31 13:45:00,134.30999755859375,NVDA,15m
2024-12-31 14:00:00,134.78500366210938,NVDA,15m
2024-12-31 14:15:00,134.1199951171875,NVDA,15m
2024-12-31 14:30:00,134.36500549316406,NVDA,15m
2024-12-31 14:45:00,134.84500122070312,NVDA,15m
2024-12-31 15:00:00,134.62660217285156,NVDA,15m
2024-12-31 15:15:00,135.4615020751953,NVDA,15m
2024-12-31 15:30:00,134.9300994873047,NVDA,15m
2024-12-31 15:45:00,134.2899932861328,NVDA,15m
2025-01-02 09:30:00,134.99000549316406,NVDA,15m
2025-01-02 09:45:00,137.27000427246094,NVDA,15m
2025-01-02 10:00:00,137.8300018310547,NVDA,15m
2025-01-02 10:15:00,136.97999572753906,NVDA,15m
2025-01-02 10:30:00,136.77200317382812,NVDA,15m
2025-01-02 10:45:00,137.36000061035156,NVDA,15m
2025-01-02 11:00:00,137.4199981689453,NVDA,15m
2025-01-02 11:15:00,137.92129516601562,NVDA,15m
2025-01-02 11:30:00,137.8800048828125,NVDA,15m
2025-01-02 11:45:00,138.6699981689453,NVDA,15m
2025-01-02 12:00:00,138.6970977783203,NVDA,15m
2025-01-02 12:15:00,137.00999450683594,NVDA,15m
2025-01-02 12:30:00,136.04010009765625,NVDA,15m
2025-01-02 12:45:00,136.19000244140625,NVDA,15m
2025-01-02 13:00:00,135.80990600585938,NVDA,15m
2025-01-02 13:15:00,136.36990356445312,NVDA,15m
2025-01-02 13:30:00,136.3446044921875,NVDA,15m
2025-01-02 13:45:00,136.11000061035156,NVDA,15m
2025-01-02 14:00:00,136.625,NVDA,15m
2025-01-02 14:15:00,137.3022003173828,NVDA,15m
2025-01-02 14:30:00,136.9199981689453,NVDA,15m
2025-01-02 14:45:00,136.9149932861328,NVDA,15m
2025-01-02 15:00:00,137.83900451660156,NVDA,15m
2025-01-02 15:15:00,137.9149932861328,NVDA,15m
2025-01-02 15:30:00,137.5592041015625,NVDA,15m
2025-01-02 15:45:00,138.27999877929688,NVDA,15m
2025-01-03 09:30:00,142.77749633789062,NVDA,15m
2025-01-03 09:45:00,143.92999267578125,NVDA,15m
2025-01-03 10:00:00,143.5399932861328,NVDA,15m
2025-01-03 10:15:00,143.11270141601562,NVDA,15m
2025-01-03 10:30:00,143.3289031982422,NVDA,15m
2025-01-03 10:45:00,143.1999969482422,NVDA,15m
2025-01-03 11:00:00,142.97500610351562,NVDA,15m
2025-01-03 11:15:00,143.46009826660156,NVDA,15m
2025-01-03 11:30:00,143.7949981689453,NVDA,15m
2025-01-03 11:45:00,143.87030029296875,NVDA,15m
2025-01-03 12:00:00,143.72000122070312,NVDA,15m
2025-01-03 12:15:00,143.6802978515625,NVDA,15m
2025-01-03 12:30:00,144.14779663085938,NVDA,15m
2025-01-03 12:45:00,144.62759399414062,NVDA,15m
2025-01-03 13:00:00,144.6269073486328,NVDA,15m
2025-01-03 13:15:00,144.49530029296875,NVDA,15m
2025-01-03 13:30:00,144.66400146484375,NVDA,15m
2025-01-03 13:45:00,144.06849670410156,NVDA,15m
2025-01-03 14:00:00,144.53909301757812,NVDA,15m
2025-01-03 14:15:00,144.37100219726562,NVDA,15m
2025-01-03 14:30:00,144.2550048828125,NVDA,15m
2025-01-03 14:45:00,144.41990661621094,NVDA,15m
2025-01-03 15:00:00,144.3300018310547,NVDA,15m
2025-01-03 15:15:00,144.32000732421875,NVDA,15m
2025-01-03 15:30:00,144.3800048828125,NVDA,15m
2025-01-03 15:45:00,144.58999633789062,NVDA,15m
2025-01-06 09:30:00,148.99000549316406,NVDA,15m
2025-01-06 09:45:00,149.86000061035156,NVDA,15m
2025-01-06 10:00:00,151.2135009765625,NVDA,15m
2025-01-06 10:15:00,151.5312042236328,NVDA,15m
2025-01-06 10:30:00,151.3699951171875,NVDA,15m
2025-01-06 10:45:00,151.5500946044922,NVDA,15m
2025-01-06 11:00:00,151.9600067138672,NVDA,15m
2025-01-06 11:15:00,151.8887939453125,NVDA,15m
2025-01-06 11:30:00,151.7799072265625,NVDA,15m
2025-01-06 11:45:00,151.09500122070312,NVDA,15m
2025-01-06 12:00:00,151.14939880371094,NVDA,15m
2025-01-06 12:15:00,151.3096923828125,NVDA,15m
2025-01-06 12:30:00,151.09500122070312,NVDA,15m
2025-01-06 12:45:00,151.46499633789062,NVDA,15m
2025-01-06 13:00:00,151.33999633789062,NVDA,15m
2025-01-06 13:15:00,151.6750030517578,NVDA,15m
2025-01-06 13:30:00,151.32989501953125,NVDA,15m
2025-01-06 13:45:00,150.50999450683594,NVDA,15m
2025-01-06 14:00:00,150.06280517578125,NVDA,15m
2025-01-06 14:15:00,150.2949981689453,NVDA,15m
2025-01-06 14:30:00,150.4550018310547,NVDA,15m
2025-01-06 14:45:00,149.75,NVDA,15m
2025-01-06 15:00:00,150.24000549316406,NVDA,15m
2025-01-06 15:15:00,150.52499389648438,NVDA,15m
2025-01-06 15:30:00,149.78500366210938,NVDA,15m
2025-01-06 15:45:00,149.51010131835938,NVDA,15m
2025-01-07 09:30:00,150.43699645996094,NVDA,15m
2025-01-07 09:45:00,146.25999450683594,NVDA,15m
2025-01-07 10:00:00,145.49000549316406,NVDA,15m
2025-01-07 10:15:00,143.7899932861328,NVDA,15m
2025-01-07 10:30:00,141.41009521484375,NVDA,15m
2025-01-07 10:45:00,142.69500732421875,NVDA,15m
2025-01-07 11:00:00,141.12489318847656,NVDA,15m
2025-01-07 11:15:00,142.76669311523438,NVDA,15m
2025-01-07 11:30:00,142.10989379882812,NVDA,15m
2025-01-07 11:45:00,141.6750030517578,NVDA,15m
2025-01-07 12:00:00,141.8699951171875,NVDA,15m
2025-01-07 12:15:00,141.4290008544922,NVDA,15m
2025-01-07 12:30:00,141.87010192871094,NVDA,15m
2025-01-07 12:45:00,142.27000427246094,NVDA,15m
2025-01-07 13:00:00,143.23699951171875,NVDA,15m
2025-01-07 13:15:00,143.11500549316406,NVDA,15m
2025-01-07 13:30:00,142.25999450683594,NVDA,15m
2025-01-07 13:45:00,142.03990173339844,NVDA,15m
2025-01-07 14:00:00,142.03900146484375,NVDA,15m
2025-01-07 14:15:00,141.64010620117188,NVDA,15m
2025-01-07 14:30:00,141.4700927734375,NVDA,15m
2025-01-07 14:45:00,141.25,NVDA,15m
2025-01-07 15:00:00,140.94000244140625,NVDA,15m
2025-01-07 15:15:00,140.60499572753906,NVDA,15m
2025-01-07 15:30:00,140.6750030517578,NVDA,15m
2025-01-07 15:45:00,140.1199951171875,NVDA,15m
2025-01-08 09:30:00,142.71499633789062,NVDA,15m
2025-01-08 09:45:00,143.0780029296875,NVDA,15m
2025-01-08 10:00:00,139.80999755859375,NVDA,15m
2025-01-08 10:15:00,140.58999633789062,NVDA,15m
2025-01-08 10:30:00,140.58999633789062,NVDA,15m
2025-01-08 10:45:00,140.5399932861328,NVDA,15m
2025-01-08 11:00:00,140.33999633789062,NVDA,15m
2025-01-08 11:15:00,140.031005859375,NVDA,15m
2025-01-08 11:30:00,140.67999267578125,NVDA,15m
2025-01-08 11:45:00,140.38499450683594,NVDA,15m
2025-01-08 12:00:00,139.77999877929688,NVDA,15m
2025-01-08 12:15:00,138.1298065185547,NVDA,15m
2025-01-08 12:30:00,139.05999755859375,NVDA,15m
2025-01-08 12:45:00,139.42999267578125,NVDA,15m
2025-01-08 13:00:00,140.28990173339844,NVDA,15m
2025-01-08 13:15:00,140.6199951171875,NVDA,15m
2025-01-08 13:30:00,140.36000061035156,NVDA,15m
2025-01-08 13:45:00,140.02499389648438,NVDA,15m
2025-01-08 14:00:00,139.968994140625,NVDA,15m
2025-01-08 14:15:00,140.7100067138672,NVDA,15m
2025-01-08 14:30:00,140.11000061035156,NVDA,15m
2025-01-08 14:45:00,140.13999938964844,NVDA,15m
2025-01-08 15:00:00,139.75999450683594,NVDA,15m
2025-01-08 15:15:00,139.9989013671875,NVDA,15m
2025-01-08 15:30:00,139.99000549316406,NVDA,15m
2025-01-08 15:45:00,140.05999755859375,NVDA,15m
2025-01-10 09:30:00,135.95010375976562,NVDA,15m
2025-01-10 09:45:00,135.3800048828125,NVDA,15m
2025-01-10 10:00:00,134.64500427246094,NVDA,15m
2025-01-10 10:15:00,136.15130615234375,NVDA,15m
2025-01-10 10:30:00,136.4199981689453,NVDA,15m
2025-01-10 10:45:00,135.6199951171875,NVDA,15m
2025-01-10 11:00:00,135.19760131835938,NVDA,15m
2025-01-10 11:15:00,135.6199951171875,NVDA,15m
2025-01-10 11:30:00,135.90280151367188,NVDA,15m
2025-01-10 11:45:00,135.0800018310547,NVDA,15m
2025-01-10 12:00:00,135.3699951171875,NVDA,15m
2025-01-10 12:15:00,136.1699981689453,NVDA,15m
2025-01-10 12:30:00,136.35000610351562,NVDA,15m
2025-01-10 12:45:00,136.65379333496094,NVDA,15m
2025-01-10 13:00:00,136.639892578125,NVDA,15m
2025-01-10 13:15:00,136.52999877929688,NVDA,15m
2025-01-10 13:30:00,136.5500030517578,NVDA,15m
2025-01-10 13:45:00,137.05999755859375,NVDA,15m
2025-01-10 14:00:00,136.02999877929688,NVDA,15m
2025-01-10 14:15:00,136.24000549316406,NVDA,15m
2025-01-10 14:30:00,136.14999389648438,NVDA,15m
2025-01-10 14:45:00,136.22000122070312,NVDA,15m
2025-01-10 15:00:00,135.84500122070312,NVDA,15m
2025-01-10 15:15:00,135.64999389648438,NVDA,15m
2025-01-10 15:30:00,135.7913055419922,NVDA,15m
2025-01-10 15:45:00,135.86000061035156,NVDA,15m
2025-01-13 09:30:00,131.36000061035156,NVDA,15m
2025-01-13 09:45:00,132.16000366210938,NVDA,15m
2025-01-13 10:00:00,131.60499572753906,NVDA,15m
2025-01-13 10:15:00,130.74989318847656,NVDA,15m
2025-01-13 10:30:00,132.8000030517578,NVDA,15m
2025-01-13 10:45:00,131.875,NVDA,15m
2025-01-13 11:00:00,131.72500610351562,NVDA,15m
2025-01-13 11:15:00,131.63499450683594,NVDA,15m
2025-01-13 11:30:00,132.47000122070312,NVDA,15m
2025-01-13 11:45:00,131.60009765625,NVDA,15m
2025-01-13 12:00:00,131.89500427246094,NVDA,15m
2025-01-13 12:15:00,132.6300048828125,NVDA,15m
2025-01-13 12:30:00,132.01919555664062,NVDA,15m
2025-01-13 12:45:00,132.50160217285156,NVDA,15m
2025-01-13 13:00:00,132.76019287109375,NVDA,15m
2025-01-13 13:15:00,132.51499938964844,NVDA,15m
2025-01-13 13:30:00,132.0500030517578,NVDA,15m
2025-01-13 13:45:00,132.13999938964844,NVDA,15m
2025-01-13 14:00:00,131.64999389648438,NVDA,15m
2025-01-13 14:15:00,132.2949981689453,NVDA,15m
2025-01-13 14:30:00,132.39300537109375,NVDA,15m
2025-01-13 14:45:00,132.46119689941406,NVDA,15m
2025-01-13 15:00:00,132.3751983642578,NVDA,15m
2025-01-13 15:15:00,132.1907958984375,NVDA,15m
2025-01-13 15:30:00,132.4149932861328,NVDA,15m
2025-01-13 15:45:00,133.24000549316406,NVDA,15m
2025-01-14 09:30:00,135.25999450683594,NVDA,15m
2025-01-14 09:45:00,133.50439453125,NVDA,15m
2025-01-14 10:00:00,134.10519409179688,NVDA,15m
2025-01-14 10:15:00,132.55999755859375,NVDA,15m
2025-01-14 10:30:00,132.34500122070312,NVDA,15m
2025-01-14 10:45:00,130.86000061035156,NVDA,15m
2025-01-14 11:00:00,131.25880432128906,NVDA,15m
2025-01-14 11:15:00,130.9810028076172,NVDA,15m
2025-01-14 11:30:00,130.7299041748047,NVDA,15m
2025-01-14 11:45:00,130.5447998046875,NVDA,15m
2025-01-14 12:00:00,131.02000427246094,NVDA,15m
2025-01-14 12:15:00,131.1300048828125,NVDA,15m
2025-01-14 12:30:00,131.03500366210938,NVDA,15m
2025-01-14 12:45:00,131.0198974609375,NVDA,15m
2025-01-14 13:00:00,130.97520446777344,NVDA,15m
2025-01-14 13:15:00,131.656005859375,NVDA,15m
2025-01-14 13:30:00,131.9051971435547,NVDA,15m
2025-01-14 13:45:00,132.1649932861328,NVDA,15m
2025-01-14 14:00:00,131.88169860839844,NVDA,15m
2025-01-14 14:15:00,131.7050018310547,NVDA,15m
2025-01-14 14:30:00,131.57989501953125,NVDA,15m
2025-01-14 14:45:00,130.47999572753906,NVDA,15m
2025-01-14 15:00:00,130.49400329589844,NVDA,15m
2025-01-14 15:15:00,130.79580688476562,NVDA,15m
2025-01-14 15:30:00,130.75010681152344,NVDA,15m
2025-01-14 15:45:00,131.85000610351562,NVDA,15m
2025-01-15 09:30:00,133.47000122070312,NVDA,15m
2025-01-15 09:45:00,133.60000610351562,NVDA,15m
2025-01-15 10:00:00,133.85000610351562,NVDA,15m
2025-01-15 10:15:00,134.1999969482422,NVDA,15m
2025-01-15 10:30:00,134.51499938964844,NVDA,15m
2025-01-15 10:45:00,134.82000732421875,NVDA,15m
2025-01-15 11:00:00,134.60000610351562,NVDA,15m
2025-01-15 11:15:00,134.389892578125,NVDA,15m
2025-01-15 11:30:00,133.7550048828125,NVDA,15m
2025-01-15 11:45:00,133.87860107421875,NVDA,15m
2025-01-15 12:00:00,134.48069763183594,NVDA,15m
2025-01-15 12:15:00,134.8813018798828,NVDA,15m
2025-01-15 12:30:00,135.35000610351562,NVDA,15m
2025-01-15 12:45:00,135.0800018310547,NVDA,15m
2025-01-15 13:00:00,135.61900329589844,NVDA,15m
2025-01-15 13:15:00,135.5247039794922,NVDA,15m
2025-01-15 13:30:00,135.47999572753906,NVDA,15m
2025-01-15 13:45:00,135.50999450683594,NVDA,15m
2025-01-15 14:00:00,135.8585968017578,NVDA,15m
2025-01-15 14:15:00,135.9398956298828,NVDA,15m
2025-01-15 14:30:00,135.6300048828125,NVDA,15m
2025-01-15 14:45:00,135.75990295410156,NVDA,15m
2025-01-15 15:00:00,135.87449645996094,NVDA,15m
2025-01-15 15:15:00,136.06700134277344,NVDA,15m
2025-01-15 15:30:00,136.1999969482422,NVDA,15m
2025-01-15 15:45:00,136.1999969482422,NVDA,15m
2025-01-16 09:30:00,137.66000366210938,NVDA,15m
2025-01-16 09:45:00,137.10000610351562,NVDA,15m
2025-01-16 10:00:00,136.37989807128906,NVDA,15m
2025-01-16 10:15:00,137.1999969482422,NVDA,15m
2025-01-16 10:30:00,136.62869262695312,NVDA,15m
2025-01-16 10:45:00,136.8419952392578,NVDA,15m
2025-01-16 11:00:00,136.818603515625,NVDA,15m
2025-01-16 11:15:00,135.24000549316406,NVDA,15m
2025-01-16 11:30:00,134.5850067138672,NVDA,15m
2025-01-16 11:45:00,135.15969848632812,NVDA,15m
2025-01-16 12:00:00,135.33999633789062,NVDA,15m
2025-01-16 12:15:00,135.56570434570312,NVDA,15m
2025-01-16 12:30:00,134.9600067138672,NVDA,15m
2025-01-16 12:45:00,135.01499938964844,NVDA,15m
2025-01-16 13:00:00,134.70989990234375,NVDA,15m
2025-01-16 13:15:00,134.25999450683594,NVDA,15m
2025-01-16 13:30:00,134.02499389648438,NVDA,15m
2025-01-16 13:45:00,134.44000244140625,NVDA,15m
2025-01-16 14:00:00,135.14500427246094,NVDA,15m
2025-01-16 14:15:00,135.125,NVDA,15m
2025-01-16 14:30:00,135.46499633789062,NVDA,15m
2025-01-16 14:45:00,135.74000549316406,NVDA,15m
2025-01-16 15:00:00,135.3800048828125,NVDA,15m
2025-01-16 15:15:00,135.20010375976562,NVDA,15m
2025-01-16 15:30:00,135.14999389648438,NVDA,15m
2025-01-16 15:45:00,133.55999755859375,NVDA,15m
2025-01-17 09:30:00,136.26260375976562,NVDA,15m
2025-01-17 09:45:00,136.6699981689453,NVDA,15m
2025-01-17 10:00:00,137.4600067138672,NVDA,15m
2025-01-17 10:15:00,136.75,NVDA,15m
2025-01-17 10:30:00,137.6999969482422,NVDA,15m
2025-01-17 10:45:00,138.0749969482422,NVDA,15m
2025-01-17 11:00:00,137.7100067138672,NVDA,15m
2025-01-17 11:15:00,138.1291961669922,NVDA,15m
2025-01-17 11:30:00,138.13479614257812,NVDA,15m
2025-01-17 11:45:00,137.99000549316406,NVDA,15m
2025-01-17 12:00:00,138.0601043701172,NVDA,15m
2025-01-17 12:15:00,137.968505859375,NVDA,15m
2025-01-17 12:30:00,138.0,NVDA,15m
2025-01-17 12:45:00,137.75999450683594,NVDA,15m
2025-01-17 13:00:00,138.07000732421875,NVDA,15m
2025-01-17 13:15:00,138.25999450683594,NVDA,15m
2025-01-17 13:30:00,137.87010192871094,NVDA,15m
2025-01-17 13:45:00,137.8083038330078,NVDA,15m
2025-01-17 14:00:00,137.8697967529297,NVDA,15m
2025-01-17 14:15:00,138.08999633789062,NVDA,15m
2025-01-17 14:30:00,138.02999877929688,NVDA,15m
2025-01-17 14:45:00,137.8560028076172,NVDA,15m
2025-01-17 15:00:00,137.39430236816406,NVDA,15m
2025-01-17 15:15:00,137.68499755859375,NVDA,15m
2025-01-17 15:30:00,137.80499267578125,NVDA,15m
2025-01-17 15:45:00,137.72999572753906,NVDA,15m
2025-01-21 09:30:00,138.9600067138672,NVDA,15m
2025-01-21 09:45:00,139.08799743652344,NVDA,15m
2025-01-21 10:00:00,137.36000061035156,NVDA,15m
2025-01-21 10:15:00,138.5166015625,NVDA,15m
2025-01-21 10:30:00,138.9499969482422,NVDA,15m
2025-01-21 10:45:00,138.90499877929688,NVDA,15m
2025-01-21 11:00:00,139.10499572753906,NVDA,15m
2025-01-21 11:15:00,138.97999572753906,NVDA,15m
2025-01-21 11:30:00,138.77999877929688,NVDA,15m
2025-01-21 11:45:00,139.25999450683594,NVDA,15m
2025-01-21 12:00:00,139.08999633789062,NVDA,15m
2025-01-21 12:15:00,139.33009338378906,NVDA,15m
2025-01-21 12:30:00,139.75,NVDA,15m
2025-01-21 12:45:00,140.89999389648438,NVDA,15m
2025-01-21 13:00:00,141.2449951171875,NVDA,15m
2025-01-21 13:15:00,141.57960510253906,NVDA,15m
2025-01-21 13:30:00,141.47869873046875,NVDA,15m
2025-01-21 13:45:00,141.2501983642578,NVDA,15m
2025-01-21 14:00:00,141.41639709472656,NVDA,15m
2025-01-21 14:15:00,141.27999877929688,NVDA,15m
2025-01-21 14:30:00,141.0399932861328,NVDA,15m
2025-01-21 14:45:00,141.30470275878906,NVDA,15m
2025-01-21 15:00:00,141.32000732421875,NVDA,15m
2025-01-21 15:15:00,141.5800018310547,NVDA,15m
2025-01-21 15:30:00,141.22000122070312,NVDA,15m
2025-01-21 15:45:00,140.8300018310547,NVDA,15m
2025-01-22 09:30:00,146.9499969482422,NVDA,15m
2025-01-22 09:45:00,146.1999969482422,NVDA,15m
2025-01-22 10:00:00,146.52999877929688,NVDA,15m
2025-01-22 10:15:00,146.37890625,NVDA,15m
2025-01-22 10:30:00,146.7550048828125,NVDA,15m
2025-01-22 10:45:00,145.7899932861328,NVDA,15m
2025-01-22 11:00:00,145.8000030517578,NVDA,15m
2025-01-22 11:15:00,146.0050048828125,NVDA,15m
2025-01-22 11:30:00,146.25999450683594,NVDA,15m
2025-01-22 11:45:00,146.5854034423828,NVDA,15m
2025-01-22 12:00:00,146.44500732421875,NVDA,15m
2025-01-22 12:15:00,146.75929260253906,NVDA,15m
2025-01-22 12:30:00,146.58999633789062,NVDA,15m
2025-01-22 12:45:00,146.99000549316406,NVDA,15m
2025-01-22 13:00:00,146.78500366210938,NVDA,15m
2025-01-22 13:15:00,146.60000610351562,NVDA,15m
2025-01-22 13:30:00,147.22999572753906,NVDA,15m
2025-01-22 13:45:00,147.40499877929688,NVDA,15m
2025-01-22 14:00:00,147.48500061035156,NVDA,15m
2025-01-22 14:15:00,147.37010192871094,NVDA,15m
2025-01-22 14:30:00,147.36500549316406,NVDA,15m
2025-01-22 14:45:00,147.75999450683594,NVDA,15m
2025-01-22 15:00:00,147.24000549316406,NVDA,15m
2025-01-22 15:15:00,147.05810546875,NVDA,15m
2025-01-22 15:30:00,146.9698944091797,NVDA,15m
2025-01-22 15:45:00,147.0399932861328,NVDA,15m
2025-01-23 09:30:00,145.51499938964844,NVDA,15m
2025-01-23 09:45:00,145.35240173339844,NVDA,15m
2025-01-23 10:00:00,145.875,NVDA,15m
2025-01-23 10:15:00,145.2899932861328,NVDA,15m
2025-01-23 10:30:00,145.90499877929688,NVDA,15m
2025-01-23 10:45:00,145.97000122070312,NVDA,15m
2025-01-23 11:00:00,145.92999267578125,NVDA,15m
2025-01-23 11:15:00,145.71499633789062,NVDA,15m
2025-01-23 11:30:00,146.1634063720703,NVDA,15m
2025-01-23 11:45:00,145.82479858398438,NVDA,15m
2025-01-23 12:00:00,145.6999969482422,NVDA,15m
2025-01-23 12:15:00,145.3800048828125,NVDA,15m
2025-01-23 12:30:00,145.39500427246094,NVDA,15m
2025-01-23 12:45:00,145.42999267578125,NVDA,15m
2025-01-23 13:00:00,145.63999938964844,NVDA,15m
2025-01-23 13:15:00,145.90499877929688,NVDA,15m
2025-01-23 13:30:00,146.23989868164062,NVDA,15m
2025-01-23 13:45:00,146.25999450683594,NVDA,15m
2025-01-23 14:00:00,146.29820251464844,NVDA,15m
2025-01-23 14:15:00,146.58990478515625,NVDA,15m
2025-01-23 14:30:00,146.68499755859375,NVDA,15m
2025-01-23 14:45:00,146.28399658203125,NVDA,15m
2025-01-23 15:00:00,146.4600067138672,NVDA,15m
2025-01-23 15:15:00,146.47999572753906,NVDA,15m
2025-01-23 15:30:00,146.16000366210938,NVDA,15m
2025-01-23 15:45:00,147.1999969482422,NVDA,15m
2025-01-24 09:30:00,146.7698974609375,NVDA,15m
2025-01-24 09:45:00,147.86000061035156,NVDA,15m
2025-01-24 10:00:00,146.5500030517578,NVDA,15m
2025-01-24 10:15:00,146.0500030517578,NVDA,15m
2025-01-24 10:30:00,145.7899932861328,NVDA,15m
2025-01-24 10:45:00,145.14999389648438,NVDA,15m
2025-01-24 11:00:00,145.44000244140625,NVDA,15m
2025-01-24 11:15:00,145.1999969482422,NVDA,15m
2025-01-24 11:30:00,145.1999969482422,NVDA,15m
2025-01-24 11:45:00,144.35000610351562,NVDA,15m
2025-01-24 12:00:00,144.4801025390625,NVDA,15m
2025-01-24 12:15:00,144.43499755859375,NVDA,15m
2025-01-24 12:30:00,143.90890502929688,NVDA,15m
2025-01-24 12:45:00,143.1999969482422,NVDA,15m
2025-01-24 13:00:00,142.92999267578125,NVDA,15m
2025-01-24 13:15:00,143.38999938964844,NVDA,15m
2025-01-24 13:30:00,142.91000366210938,NVDA,15m
2025-01-24 13:45:00,142.3000030517578,NVDA,15m
2025-01-24 14:00:00,142.19000244140625,NVDA,15m
2025-01-24 14:15:00,142.3101043701172,NVDA,15m
2025-01-24 14:30:00,142.22120666503906,NVDA,15m
2025-01-24 14:45:00,142.35000610351562,NVDA,15m
2025-01-24 15:00:00,142.2449951171875,NVDA,15m
2025-01-24 15:15:00,142.03500366210938,NVDA,15m
2025-01-24 15:30:00,142.19000244140625,NVDA,15m
2025-01-24 15:45:00,142.60040283203125,NVDA,15m
2025-01-27 09:30:00,126.88009643554688,NVDA,15m
2025-01-27 09:45:00,126.87999725341797,NVDA,15m
2025-01-27 10:00:00,124.56999969482422,NVDA,15m
2025-01-27 10:15:00,124.02999877929688,NVDA,15m
2025-01-27 10:30:00,124.56999969482422,NVDA,15m
2025-01-27 10:45:00,122.9999008178711,NVDA,15m
2025-01-27 11:00:00,121.62000274658203,NVDA,15m
2025-01-27 11:15:00,119.1500015258789,NVDA,15m
2025-01-27 11:30:00,118.5009994506836,NVDA,15m
2025-01-27 11:45:00,120.2699966430664,NVDA,15m
2025-01-27 12:00:00,120.16000366210938,NVDA,15m
2025-01-27 12:15:00,119.76000213623047,NVDA,15m
2025-01-27 12:30:00,119.98999786376953,NVDA,15m
2025-01-27 12:45:00,118.50499725341797,NVDA,15m
2025-01-27 13:00:00,118.8499984741211,NVDA,15m
2025-01-27 13:15:00,117.875,NVDA,15m
2025-01-27 13:30:00,119.13739776611328,NVDA,15m
2025-01-27 13:45:00,117.8301010131836,NVDA,15m
2025-01-27 14:00:00,117.81999969482422,NVDA,15m
2025-01-27 14:15:00,118.80500030517578,NVDA,15m
2025-01-27 14:30:00,117.61009979248047,NVDA,15m
2025-01-27 14:45:00,117.91200256347656,NVDA,15m
2025-01-27 15:00:00,117.9801025390625,NVDA,15m
2025-01-27 15:15:00,117.77999877929688,NVDA,15m
2025-01-27 15:30:00,118.38999938964844,NVDA,15m
2025-01-27 15:45:00,118.51000213623047,NVDA,15m
2025-01-28 09:30:00,117.21009826660156,NVDA,15m
2025-01-28 09:45:00,119.73100280761719,NVDA,15m
2025-01-28 10:00:00,120.0198974609375,NVDA,15m
2025-01-28 10:15:00,121.7699966430664,NVDA,15m
2025-01-28 10:30:00,120.62999725341797,NVDA,15m
2025-01-28 10:45:00,120.69499969482422,NVDA,15m
2025-01-28 11:00:00,120.55500030517578,NVDA,15m
2025-01-28 11:15:00,120.7699966430664,NVDA,15m
2025-01-28 11:30:00,121.30500030517578,NVDA,15m
2025-01-28 11:45:00,123.44499969482422,NVDA,15m
2025-01-28 12:00:00,124.68499755859375,NVDA,15m
2025-01-28 12:15:00,126.0199966430664,NVDA,15m
2025-01-28 12:30:00,125.28500366210938,NVDA,15m
2025-01-28 12:45:00,125.79010009765625,NVDA,15m
2025-01-28 13:00:00,126.61479949951172,NVDA,15m
2025-01-28 13:15:00,126.08999633789062,NVDA,15m
2025-01-28 13:30:00,125.84500122070312,NVDA,15m
2025-01-28 13:45:00,126.65499877929688,NVDA,15m
2025-01-28 14:00:00,126.46920013427734,NVDA,15m
2025-01-28 14:15:00,126.7750015258789,NVDA,15m
2025-01-28 14:30:00,127.56999969482422,NVDA,15m
2025-01-28 14:45:00,127.46499633789062,NVDA,15m
2025-01-28 15:00:00,127.24009704589844,NVDA,15m
2025-01-28 15:15:00,127.59010314941406,NVDA,15m
2025-01-28 15:30:00,127.7249984741211,NVDA,15m
2025-01-28 15:45:00,128.9801025390625,NVDA,15m
2025-01-29 09:30:00,125.32969665527344,NVDA,15m
2025-01-29 09:45:00,125.25499725341797,NVDA,15m
2025-01-29 10:00:00,124.82009887695312,NVDA,15m
2025-01-29 10:15:00,124.0,NVDA,15m
2025-01-29 10:30:00,122.27999877929688,NVDA,15m
2025-01-29 10:45:00,122.67990112304688,NVDA,15m
2025-01-29 11:00:00,122.93000030517578,NVDA,15m
2025-01-29 11:15:00,122.98159790039062,NVDA,15m
2025-01-29 11:30:00,122.76000213623047,NVDA,15m
2025-01-29 11:45:00,122.16999816894531,NVDA,15m
2025-01-29 12:00:00,122.86009979248047,NVDA,15m
2025-01-29 12:15:00,122.99839782714844,NVDA,15m
2025-01-29 12:30:00,122.86000061035156,NVDA,15m
2025-01-29 12:45:00,122.96499633789062,NVDA,15m
2025-01-29 13:00:00,121.62989807128906,NVDA,15m
2025-01-29 13:15:00,121.58999633789062,NVDA,15m
2025-01-29 13:30:00,121.34500122070312,NVDA,15m
2025-01-29 13:45:00,120.94999694824219,NVDA,15m
2025-01-29 14:00:00,120.91490173339844,NVDA,15m
2025-01-29 14:15:00,120.91000366210938,NVDA,15m
2025-01-29 14:30:00,122.42669677734375,NVDA,15m
2025-01-29 14:45:00,122.08999633789062,NVDA,15m
2025-01-29 15:00:00,122.05000305175781,NVDA,15m
2025-01-29 15:15:00,123.1500015258789,NVDA,15m
2025-01-29 15:30:00,122.41500091552734,NVDA,15m
2025-01-29 15:45:00,123.80999755859375,NVDA,15m
2025-01-30 09:30:00,121.66000366210938,NVDA,15m
2025-01-30 09:45:00,122.16500091552734,NVDA,15m
2025-01-30 10:00:00,121.28500366210938,NVDA,15m
2025-01-30 10:15:00,119.56999969482422,NVDA,15m
2025-01-30 10:30:00,119.5198974609375,NVDA,15m
2025-01-30 10:45:00,118.55999755859375,NVDA,15m
2025-01-30 11:00:00,118.19000244140625,NVDA,15m
2025-01-30 11:15:00,119.05470275878906,NVDA,15m
2025-01-30 11:30:00,119.38899993896484,NVDA,15m
2025-01-30 11:45:00,120.58499908447266,NVDA,15m
2025-01-30 12:00:00,119.9000015258789,NVDA,15m
2025-01-30 12:15:00,119.29000091552734,NVDA,15m
2025-01-30 12:30:00,119.65989685058594,NVDA,15m
2025-01-30 12:45:00,120.00499725341797,NVDA,15m
2025-01-30 13:00:00,119.93499755859375,NVDA,15m
2025-01-30 13:15:00,119.4749984741211,NVDA,15m
2025-01-30 13:30:00,119.58000183105469,NVDA,15m
2025-01-30 13:45:00,120.12999725341797,NVDA,15m
2025-01-30 14:00:00,121.3499984741211,NVDA,15m
2025-01-30 14:15:00,121.45500183105469,NVDA,15m
2025-01-30 14:30:00,121.7699966430664,NVDA,15m
2025-01-30 14:45:00,122.27999877929688,NVDA,15m
2025-01-30 15:00:00,122.59500122070312,NVDA,15m
2025-01-30 15:15:00,123.41500091552734,NVDA,15m
2025-01-30 15:30:00,122.58560180664062,NVDA,15m
2025-01-30 15:45:00,124.91000366210938,NVDA,15m
2025-01-31 09:30:00,124.1355972290039,NVDA,15m
2025-01-31 09:45:00,124.99400329589844,NVDA,15m
2025-01-31 10:00:00,125.4800033569336,NVDA,15m
2025-01-31 10:15:00,126.18599700927734,NVDA,15m
2025-01-31 10:30:00,126.31999969482422,NVDA,15m
2025-01-31 10:45:00,126.80000305175781,NVDA,15m
2025-01-31 11:00:00,127.58000183105469,NVDA,15m
2025-01-31 11:15:00,126.75,NVDA,15m
2025-01-31 11:30:00,125.05999755859375,NVDA,15m
2025-01-31 11:45:00,125.41999816894531,NVDA,15m
2025-01-31 12:00:00,124.98999786376953,NVDA,15m
2025-01-31 12:15:00,125.30999755859375,NVDA,15m
2025-01-31 12:30:00,124.9800033569336,NVDA,15m
2025-01-31 12:45:00,125.87010192871094,NVDA,15m
2025-01-31 13:00:00,124.95860290527344,NVDA,15m
2025-01-31 13:15:00,124.16999816894531,NVDA,15m
2025-01-31 13:30:00,123.63009643554688,NVDA,15m
2025-01-31 13:45:00,123.79010009765625,NVDA,15m
2025-01-31 14:00:00,123.37000274658203,NVDA,15m
2025-01-31 14:15:00,123.01000213623047,NVDA,15m
2025-01-31 14:30:00,121.75959777832031,NVDA,15m
2025-01-31 14:45:00,121.87989807128906,NVDA,15m
2025-01-31 15:00:00,120.87030029296875,NVDA,15m
2025-01-31 15:15:00,120.10990142822266,NVDA,15m
2025-01-31 15:30:00,119.20010375976562,NVDA,15m
2025-01-31 15:45:00,120.0,NVDA,15m
2025-02-03 09:30:00,114.47000122070312,NVDA,15m
2025-02-03 09:45:00,114.73999786376953,NVDA,15m
2025-02-03 10:00:00,113.87000274658203,NVDA,15m
2025-02-03 10:15:00,115.76000213623047,NVDA,15m
2025-02-03 10:30:00,117.59559631347656,NVDA,15m
2025-02-03 10:45:00,117.8499984741211,NVDA,15m
2025-02-03 11:00:00,117.62000274658203,NVDA,15m
2025-02-03 11:15:00,116.53700256347656,NVDA,15m
2025-02-03 11:30:00,116.89820098876953,NVDA,15m
2025-02-03 11:45:00,115.9489974975586,NVDA,15m
2025-02-03 12:00:00,116.67500305175781,NVDA,15m
2025-02-03 12:15:00,115.88999938964844,NVDA,15m
2025-02-03 12:30:00,115.66999816894531,NVDA,15m
2025-02-03 12:45:00,116.30490112304688,NVDA,15m
2025-02-03 13:00:00,115.88999938964844,NVDA,15m
2025-02-03 13:15:00,115.93990325927734,NVDA,15m
2025-02-03 13:30:00,116.15399932861328,NVDA,15m
2025-02-03 13:45:00,116.95480346679688,NVDA,15m
2025-02-03 14:00:00,118.24500274658203,NVDA,15m
2025-02-03 14:15:00,117.6447982788086,NVDA,15m
2025-02-03 14:30:00,117.66999816894531,NVDA,15m
2025-02-03 14:45:00,117.80989837646484,NVDA,15m
2025-02-03 15:00:00,117.63999938964844,NVDA,15m
2025-02-03 15:15:00,117.46990203857422,NVDA,15m
2025-02-03 15:30:00,117.19000244140625,NVDA,15m
2025-02-03 15:45:00,116.66000366210938,NVDA,15m
2025-02-04 09:30:00,118.48699951171875,NVDA,15m
2025-02-04 09:45:00,119.3550033569336,NVDA,15m
2025-02-04 10:00:00,120.12989807128906,NVDA,15m
2025-02-04 10:15:00,119.93000030517578,NVDA,15m
2025-02-04 10:30:00,119.7605972290039,NVDA,15m
2025-02-04 10:45:00,119.53500366210938,NVDA,15m
2025-02-04 11:00:00,119.57499694824219,NVDA,15m
2025-02-04 11:15:00,120.11000061035156,NVDA,15m
2025-02-04 11:30:00,119.93000030517578,NVDA,15m
2025-02-04 11:45:00,119.06009674072266,NVDA,15m
2025-02-04 12:00:00,118.76229858398438,NVDA,15m
2025-02-04 12:15:00,117.88999938964844,NVDA,15m
2025-02-04 12:30:00,118.6500015258789,NVDA,15m
2025-02-04 12:45:00,118.83380126953125,NVDA,15m
2025-02-04 13:00:00,118.64910125732422,NVDA,15m
2025-02-04 13:15:00,119.09010314941406,NVDA,15m
2025-02-04 13:30:00,119.3718032836914,NVDA,15m
2025-02-04 13:45:00,119.36990356445312,NVDA,15m
2025-02-04 14:00:00,119.19000244140625,NVDA,15m
2025-02-04 14:15:00,119.30999755859375,NVDA,15m
2025-02-04 14:30:00,119.14179992675781,NVDA,15m
2025-02-04 14:45:00,118.63500213623047,NVDA,15m
2025-02-04 15:00:00,118.7863998413086,NVDA,15m
2025-02-04 15:15:00,118.46499633789062,NVDA,15m
2025-02-04 15:30:00,118.84989929199219,NVDA,15m
2025-02-04 15:45:00,118.68000030517578,NVDA,15m
2025-02-05 09:30:00,122.06009674072266,NVDA,15m
2025-02-05 09:45:00,122.55000305175781,NVDA,15m
2025-02-05 10:00:00,122.62049865722656,NVDA,15m
2025-02-05 10:15:00,122.30999755859375,NVDA,15m
2025-02-05 10:30:00,122.92520141601562,NVDA,15m
2025-02-05 10:45:00,122.7300033569336,NVDA,15m
2025-02-05 11:00:00,123.43000030517578,NVDA,15m
2025-02-05 11:15:00,123.22599792480469,NVDA,15m
2025-02-05 11:30:00,124.2301025390625,NVDA,15m
2025-02-05 11:45:00,124.05000305175781,NVDA,15m
2025-02-05 12:00:00,124.2500991821289,NVDA,15m
2025-02-05 12:15:00,124.03500366210938,NVDA,15m
2025-02-05 12:30:00,123.95999908447266,NVDA,15m
2025-02-05 12:45:00,123.86499786376953,NVDA,15m
2025-02-05 13:00:00,123.7750015258789,NVDA,15m
2025-02-05 13:15:00,123.23989868164062,NVDA,15m
2025-02-05 13:30:00,122.74520111083984,NVDA,15m
2025-02-05 13:45:00,123.11139678955078,NVDA,15m
2025-02-05 14:00:00,123.37840270996094,NVDA,15m
2025-02-05 14:15:00,123.32499694824219,NVDA,15m
2025-02-05 14:30:00,123.67359924316406,NVDA,15m
2025-02-05 14:45:00,124.07499694824219,NVDA,15m
2025-02-05 15:00:00,124.04129791259766,NVDA,15m
2025-02-05 15:15:00,124.44000244140625,NVDA,15m
2025-02-05 15:30:00,123.73999786376953,NVDA,15m
2025-02-05 15:45:00,124.95500183105469,NVDA,15m
2025-02-06 09:30:00,125.66500091552734,NVDA,15m
2025-02-06 09:45:00,125.98269653320312,NVDA,15m
2025-02-06 10:00:00,126.78500366210938,NVDA,15m
2025-02-06 10:15:00,126.22160339355469,NVDA,15m
2025-02-06 10:30:00,126.4000015258789,NVDA,15m
2025-02-06 10:45:00,126.51000213623047,NVDA,15m
2025-02-06 11:00:00,126.94499969482422,NVDA,15m
2025-02-06 11:15:00,126.86000061035156,NVDA,15m
2025-02-06 11:30:00,127.11869812011719,NVDA,15m
2025-02-06 11:45:00,127.80500030517578,NVDA,15m
2025-02-06 12:00:00,127.3488998413086,NVDA,15m
2025-02-06 12:15:00,127.73529815673828,NVDA,15m
2025-02-06 12:30:00,127.53559875488281,NVDA,15m
2025-02-06 12:45:00,127.78500366210938,NVDA,15m
2025-02-06 13:00:00,127.84010314941406,NVDA,15m
2025-02-06 13:15:00,128.11000061035156,NVDA,15m
2025-02-06 13:30:00,128.22500610351562,NVDA,15m
2025-02-06 13:45:00,128.27999877929688,NVDA,15m
2025-02-06 14:00:00,128.23500061035156,NVDA,15m
2025-02-06 14:15:00,127.6948013305664,NVDA,15m
2025-02-06 14:30:00,127.13500213623047,NVDA,15m
2025-02-06 14:45:00,127.63089752197266,NVDA,15m
2025-02-06 15:00:00,127.84559631347656,NVDA,15m
2025-02-06 15:15:00,128.125,NVDA,15m
2025-02-06 15:30:00,128.19500732421875,NVDA,15m
2025-02-06 15:45:00,128.68499755859375,NVDA,15m
2025-02-07 09:30:00,129.86000061035156,NVDA,15m
2025-02-07 09:45:00,129.64999389648438,NVDA,15m
2025-02-07 10:00:00,128.27999877929688,NVDA,15m
2025-02-07 10:15:00,129.11000061035156,NVDA,15m
2025-02-07 10:30:00,129.39500427246094,NVDA,15m
2025-02-07 10:45:00,129.3800048828125,NVDA,15m
2025-02-07 11:00:00,128.68499755859375,NVDA,15m
2025-02-07 11:15:00,128.6999969482422,NVDA,15m
2025-02-07 11:30:00,128.69000244140625,NVDA,15m
2025-02-07 11:45:00,128.25,NVDA,15m
2025-02-07 12:00:00,128.78500366210938,NVDA,15m
2025-02-07 12:15:00,128.23500061035156,NVDA,15m
2025-02-07 12:30:00,128.58999633789062,NVDA,15m
2025-02-07 12:45:00,128.90499877929688,NVDA,15m
2025-02-07 13:00:00,129.37820434570312,NVDA,15m
2025-02-07 13:15:00,129.2550048828125,NVDA,15m
2025-02-07 13:30:00,128.77999877929688,NVDA,15m
2025-02-07 13:45:00,128.38999938964844,NVDA,15m
2025-02-07 14:00:00,128.04010009765625,NVDA,15m
2025-02-07 14:15:00,128.1300048828125,NVDA,15m
2025-02-07 14:30:00,128.50999450683594,NVDA,15m
2025-02-07 14:45:00,128.639892578125,NVDA,15m
2025-02-07 15:00:00,128.44500732421875,NVDA,15m
2025-02-07 15:15:00,128.94850158691406,NVDA,15m
2025-02-07 15:30:00,129.4149932861328,NVDA,15m
2025-02-07 15:45:00,129.86000061035156,NVDA,15m
2025-02-10 09:30:00,133.4499969482422,NVDA,15m
2025-02-10 09:45:00,133.9199981689453,NVDA,15m
2025-02-10 10:00:00,134.32400512695312,NVDA,15m
2025-02-10 10:15:00,134.41000366210938,NVDA,15m
2025-02-10 10:30:00,134.39999389648438,NVDA,15m
2025-02-10 10:45:00,133.97500610351562,NVDA,15m
2025-02-10 11:00:00,134.10000610351562,NVDA,15m
2025-02-10 11:15:00,133.47500610351562,NVDA,15m
2025-02-10 11:30:00,133.38999938964844,NVDA,15m
2025-02-10 11:45:00,133.49989318847656,NVDA,15m
2025-02-10 12:00:00,133.42999267578125,NVDA,15m
2025-02-10 12:15:00,134.0290069580078,NVDA,15m
2025-02-10 12:30:00,134.3000030517578,NVDA,15m
2025-02-10 12:45:00,134.3249969482422,NVDA,15m
2025-02-10 13:00:00,134.3195037841797,NVDA,15m
2025-02-10 13:15:00,134.3300018310547,NVDA,15m
2025-02-10 13:30:00,134.41639709472656,NVDA,15m
2025-02-10 13:45:00,134.35499572753906,NVDA,15m
2025-02-10 14:00:00,134.5198974609375,NVDA,15m
2025-02-10 14:15:00,134.51499938964844,NVDA,15m
2025-02-10 14:30:00,134.40460205078125,NVDA,15m
2025-02-10 14:45:00,134.41160583496094,NVDA,15m
2025-02-10 15:00:00,134.97500610351562,NVDA,15m
2025-02-10 15:15:00,134.51930236816406,NVDA,15m
2025-02-10 15:30:00,134.23989868164062,NVDA,15m
2025-02-10 15:45:00,133.50999450683594,NVDA,15m
2025-02-11 09:30:00,133.92999267578125,NVDA,15m
2025-02-11 09:45:00,133.44500732421875,NVDA,15m
2025-02-11 10:00:00,133.7899932861328,NVDA,15m
2025-02-11 10:15:00,133.94500732421875,NVDA,15m
2025-02-11 10:30:00,133.97000122070312,NVDA,15m
2025-02-11 10:45:00,133.8300018310547,NVDA,15m
2025-02-11 11:00:00,133.86099243164062,NVDA,15m
2025-02-11 11:15:00,133.9698944091797,NVDA,15m
2025-02-11 11:30:00,133.84890747070312,NVDA,15m
2025-02-11 11:45:00,132.85000610351562,NVDA,15m
2025-02-11 12:00:00,131.8946075439453,NVDA,15m
2025-02-11 12:15:00,132.7100067138672,NVDA,15m
2025-02-11 12:30:00,132.0543975830078,NVDA,15m
2025-02-11 12:45:00,132.41000366210938,NVDA,15m
2025-02-11 13:00:00,132.1750030517578,NVDA,15m
2025-02-11 13:15:00,132.83230590820312,NVDA,15m
2025-02-11 13:30:00,133.86990356445312,NVDA,15m
2025-02-11 13:45:00,133.3188934326172,NVDA,15m
2025-02-11 14:00:00,133.2113037109375,NVDA,15m
2025-02-11 14:15:00,133.03500366210938,NVDA,15m
2025-02-11 14:30:00,133.5,NVDA,15m
2025-02-11 14:45:00,133.58999633789062,NVDA,15m
2025-02-11 15:00:00,133.58999633789062,NVDA,15m
2025-02-11 15:15:00,133.45140075683594,NVDA,15m
2025-02-11 15:30:00,132.8459930419922,NVDA,15m
2025-02-11 15:45:00,132.8699951171875,NVDA,15m
2025-02-12 09:30:00,131.91000366210938,NVDA,15m
2025-02-12 09:45:00,131.9477996826172,NVDA,15m
2025-02-12 10:00:00,130.65020751953125,NVDA,15m
2025-02-12 10:15:00,131.32020568847656,NVDA,15m
2025-02-12 10:30:00,131.5699005126953,NVDA,15m
2025-02-12 10:45:00,131.39990234375,NVDA,15m
2025-02-12 11:00:00,130.8800048828125,NVDA,15m
2025-02-12 11:15:00,130.61990356445312,NVDA,15m
2025-02-12 11:30:00,131.27000427246094,NVDA,15m
2025-02-12 11:45:00,131.6656036376953,NVDA,15m
2025-02-12 12:00:00,131.8690948486328,NVDA,15m
2025-02-12 12:15:00,131.5749969482422,NVDA,15m
2025-02-12 12:30:00,131.0050048828125,NVDA,15m
2025-02-12 12:45:00,131.38499450683594,NVDA,15m
2025-02-12 13:00:00,131.16900634765625,NVDA,15m
2025-02-12 13:15:00,130.97500610351562,NVDA,15m
2025-02-12 13:30:00,130.6898956298828,NVDA,15m
2025-02-12 13:45:00,130.82879638671875,NVDA,15m
2025-02-12 14:00:00,130.3350067138672,NVDA,15m
2025-02-12 14:15:00,130.6898956298828,NVDA,15m
2025-02-12 14:30:00,130.97000122070312,NVDA,15m
2025-02-12 14:45:00,130.99859619140625,NVDA,15m
2025-02-12 15:00:00,131.15989685058594,NVDA,15m
2025-02-12 15:15:00,131.52499389648438,NVDA,15m
2025-02-12 15:30:00,131.1049041748047,NVDA,15m
2025-02-12 15:45:00,131.07989501953125,NVDA,15m
2025-02-13 09:30:00,132.56219482421875,NVDA,15m
2025-02-13 09:45:00,133.97000122070312,NVDA,15m
2025-02-13 10:00:00,134.26010131835938,NVDA,15m
2025-02-13 10:15:00,134.5500030517578,NVDA,15m
2025-02-13 10:30:00,136.41000366210938,NVDA,15m
2025-02-13 10:45:00,136.13009643554688,NVDA,15m
2025-02-13 11:00:00,135.51840209960938,NVDA,15m
2025-02-13 11:15:00,135.71499633789062,NVDA,15m
2025-02-13 11:30:00,135.4199981689453,NVDA,15m
2025-02-13 11:45:00,134.9156036376953,NVDA,15m
2025-02-13 12:00:00,134.9550018310547,NVDA,15m
2025-02-13 12:15:00,135.00999450683594,NVDA,15m
2025-02-13 12:30:00,135.2899932861328,NVDA,15m
2025-02-13 12:45:00,135.33999633789062,NVDA,15m
2025-02-13 13:00:00,134.7178955078125,NVDA,15m
2025-02-13 13:15:00,134.52499389648438,NVDA,15m
2025-02-13 13:30:00,134.44000244140625,NVDA,15m
2025-02-13 13:45:00,135.0,NVDA,15m
2025-02-13 14:00:00,134.98809814453125,NVDA,15m
2025-02-13 14:15:00,135.12030029296875,NVDA,15m
2025-02-13 14:30:00,135.0,NVDA,15m
2025-02-13 14:45:00,135.3105010986328,NVDA,15m
2025-02-13 15:00:00,135.4250030517578,NVDA,15m
2025-02-13 15:15:00,135.36129760742188,NVDA,15m
2025-02-13 15:30:00,135.00860595703125,NVDA,15m
2025-02-13 15:45:00,135.25,NVDA,15m
2025-02-14 09:30:00,136.2100067138672,NVDA,15m
2025-02-14 09:45:00,136.7050018310547,NVDA,15m
2025-02-14 10:00:00,137.0399932861328,NVDA,15m
2025-02-14 10:15:00,138.00010681152344,NVDA,15m
2025-02-14 10:30:00,137.4499969482422,NVDA,15m
2025-02-14 10:45:00,137.77999877929688,NVDA,15m
2025-02-14 11:00:00,137.0886993408203,NVDA,15m
2025-02-14 11:15:00,136.5800018310547,NVDA,15m
2025-02-14 11:30:00,136.6699981689453,NVDA,15m
2025-02-14 11:45:00,136.50999450683594,NVDA,15m
2025-02-14 12:00:00,136.639892578125,NVDA,15m
2025-02-14 12:15:00,136.74009704589844,NVDA,15m
2025-02-14 12:30:00,136.8699951171875,NVDA,15m
2025-02-14 12:45:00,137.3699951171875,NVDA,15m
2025-02-14 13:00:00,137.5115966796875,NVDA,15m
2025-02-14 13:15:00,137.3376007080078,NVDA,15m
2025-02-14 13:30:00,137.1999969482422,NVDA,15m
2025-02-14 13:45:00,137.4149932861328,NVDA,15m
2025-02-14 14:00:00,137.9499969482422,NVDA,15m
2025-02-14 14:15:00,137.82000732421875,NVDA,15m
2025-02-14 14:30:00,137.80499267578125,NVDA,15m
2025-02-14 14:45:00,138.19509887695312,NVDA,15m
2025-02-14 15:00:00,138.34030151367188,NVDA,15m
2025-02-14 15:15:00,138.36509704589844,NVDA,15m
2025-02-14 15:30:00,138.67999267578125,NVDA,15m
2025-02-14 15:45:00,138.86000061035156,NVDA,15m
2025-02-18 09:30:00,141.9149932861328,NVDA,15m
2025-02-18 09:45:00,141.23500061035156,NVDA,15m
2025-02-18 10:00:00,141.531005859375,NVDA,15m
2025-02-18 10:15:00,140.66000366210938,NVDA,15m
2025-02-18 10:30:00,139.94509887695312,NVDA,15m
2025-02-18 10:45:00,140.08999633789062,NVDA,15m
2025-02-18 11:00:00,141.0399932861328,NVDA,15m
2025-02-18 11:15:00,141.19500732421875,NVDA,15m
2025-02-18 11:30:00,140.7135009765625,NVDA,15m
2025-02-18 11:45:00,140.2799072265625,NVDA,15m
2025-02-18 12:00:00,140.32000732421875,NVDA,15m
2025-02-18 12:15:00,139.96499633789062,NVDA,15m
2025-02-18 12:30:00,140.19500732421875,NVDA,15m
2025-02-18 12:45:00,140.25,NVDA,15m
2025-02-18 13:00:00,140.25999450683594,NVDA,15m
2025-02-18 13:15:00,140.15139770507812,NVDA,15m
2025-02-18 13:30:00,139.99000549316406,NVDA,15m
2025-02-18 13:45:00,139.99000549316406,NVDA,15m
2025-02-18 14:00:00,139.59500122070312,NVDA,15m
2025-02-18 14:15:00,139.5749969482422,NVDA,15m
2025-02-18 14:30:00,139.6750030517578,NVDA,15m
2025-02-18 14:45:00,140.03860473632812,NVDA,15m
2025-02-18 15:00:00,139.69869995117188,NVDA,15m
2025-02-18 15:15:00,139.54989624023438,NVDA,15m
2025-02-18 15:30:00,138.86900329589844,NVDA,15m
2025-02-18 15:45:00,139.41000366210938,NVDA,15m
2025-02-19 09:30:00,138.5800018310547,NVDA,15m
2025-02-19 09:45:00,138.27000427246094,NVDA,15m
2025-02-19 10:00:00,138.2180938720703,NVDA,15m
2025-02-19 10:15:00,139.3300018310547,NVDA,15m
2025-02-19 10:30:00,139.8699951171875,NVDA,15m
2025-02-19 10:45:00,139.8300018310547,NVDA,15m
2025-02-19 11:00:00,139.91000366210938,NVDA,15m
2025-02-19 11:15:00,139.94830322265625,NVDA,15m
2025-02-19 11:30:00,140.06500244140625,NVDA,15m
2025-02-19 11:45:00,139.91000366210938,NVDA,15m
2025-02-19 12:00:00,139.6199951171875,NVDA,15m
2025-02-19 12:15:00,139.81500244140625,NVDA,15m
2025-02-19 12:30:00,140.79010009765625,NVDA,15m
2025-02-19 12:45:00,141.22000122070312,NVDA,15m
2025-02-19 13:00:00,140.47869873046875,NVDA,15m
2025-02-19 13:15:00,140.639892578125,NVDA,15m
2025-02-19 13:30:00,140.5749969482422,NVDA,15m
2025-02-19 13:45:00,140.22999572753906,NVDA,15m
2025-02-19 14:00:00,140.74070739746094,NVDA,15m
2025-02-19 14:15:00,140.44509887695312,NVDA,15m
2025-02-19 14:30:00,140.3000030517578,NVDA,15m
2025-02-19 14:45:00,140.6699981689453,NVDA,15m
2025-02-19 15:00:00,140.45159912109375,NVDA,15m
2025-02-19 15:15:00,139.31939697265625,NVDA,15m
2025-02-19 15:30:00,139.1300048828125,NVDA,15m
2025-02-19 15:45:00,139.24000549316406,NVDA,15m
2025-02-20 09:30:00,139.50509643554688,NVDA,15m
2025-02-20 09:45:00,137.15499877929688,NVDA,15m
2025-02-20 10:00:00,138.02499389648438,NVDA,15m
2025-02-20 10:15:00,138.62060546875,NVDA,15m
2025-02-20 10:30:00,138.64010620117188,NVDA,15m
2025-02-20 10:45:00,137.24000549316406,NVDA,15m
2025-02-20 11:00:00,137.56500244140625,NVDA,15m
2025-02-20 11:15:00,138.3000030517578,NVDA,15m
2025-02-20 11:30:00,138.8800048828125,NVDA,15m
2025-02-20 11:45:00,138.73500061035156,NVDA,15m
2025-02-20 12:00:00,139.9250030517578,NVDA,15m
2025-02-20 12:15:00,139.5800018310547,NVDA,15m
2025-02-20 12:30:00,139.76499938964844,NVDA,15m
2025-02-20 12:45:00,139.17840576171875,NVDA,15m
2025-02-20 13:00:00,139.7357940673828,NVDA,15m
2025-02-20 13:15:00,139.49000549316406,NVDA,15m
2025-02-20 13:30:00,139.4600067138672,NVDA,15m
2025-02-20 13:45:00,139.5850067138672,NVDA,15m
2025-02-20 14:00:00,139.94500732421875,NVDA,15m
2025-02-20 14:15:00,139.80490112304688,NVDA,15m
2025-02-20 14:30:00,139.64999389648438,NVDA,15m
2025-02-20 14:45:00,140.14999389648438,NVDA,15m
2025-02-20 15:00:00,139.81500244140625,NVDA,15m
2025-02-20 15:15:00,139.89999389648438,NVDA,15m
2025-02-20 15:30:00,140.0449981689453,NVDA,15m
2025-02-20 15:45:00,140.1199951171875,NVDA,15m
2025-02-21 09:30:00,139.8802947998047,NVDA,15m
2025-02-21 09:45:00,139.9499969482422,NVDA,15m
2025-02-21 10:00:00,140.16000366210938,NVDA,15m
2025-02-21 10:15:00,139.22999572753906,NVDA,15m
2025-02-21 10:30:00,138.75999450683594,NVDA,15m
2025-02-21 10:45:00,139.48980712890625,NVDA,15m
2025-02-21 11:00:00,139.25,NVDA,15m
2025-02-21 11:15:00,139.19920349121094,NVDA,15m
2025-02-21 11:30:00,139.02999877929688,NVDA,15m
2025-02-21 11:45:00,139.25999450683594,NVDA,15m
2025-02-21 12:00:00,139.2333984375,NVDA,15m
2025-02-21 12:15:00,138.99110412597656,NVDA,15m
2025-02-21 12:30:00,138.5500030517578,NVDA,15m
2025-02-21 12:45:00,137.75,NVDA,15m
2025-02-21 13:00:00,136.83999633789062,NVDA,15m
2025-02-21 13:15:00,137.1699981689453,NVDA,15m
2025-02-21 13:30:00,137.4199981689453,NVDA,15m
2025-02-21 13:45:00,137.19000244140625,NVDA,15m
2025-02-21 14:00:00,136.94949340820312,NVDA,15m
2025-02-21 14:15:00,135.39669799804688,NVDA,15m
2025-02-21 14:30:00,135.08999633789062,NVDA,15m
2025-02-21 14:45:00,135.10989379882812,NVDA,15m
2025-02-21 15:00:00,135.19500732421875,NVDA,15m
2025-02-21 15:15:00,135.10000610351562,NVDA,15m
2025-02-21 15:30:00,134.5800018310547,NVDA,15m
2025-02-21 15:45:00,134.27000427246094,NVDA,15m
2025-02-24 09:30:00,137.33999633789062,NVDA,15m
2025-02-24 09:45:00,134.67999267578125,NVDA,15m
2025-02-24 10:00:00,135.2550048828125,NVDA,15m
2025-02-24 10:15:00,132.92999267578125,NVDA,15m
2025-02-24 10:30:00,132.0050048828125,NVDA,15m
2025-02-24 10:45:00,132.0299072265625,NVDA,15m
2025-02-24 11:00:00,132.50999450683594,NVDA,15m
2025-02-24 11:15:00,134.0399932861328,NVDA,15m
2025-02-24 11:30:00,134.3155975341797,NVDA,15m
2025-02-24 11:45:00,134.24000549316406,NVDA,15m
2025-02-24 12:00:00,134.23500061035156,NVDA,15m
2025-02-24 12:15:00,134.60000610351562,NVDA,15m
2025-02-24 12:30:00,134.52999877929688,NVDA,15m
2025-02-24 12:45:00,134.4499969482422,NVDA,15m
2025-02-24 13:00:00,134.52000427246094,NVDA,15m
2025-02-24 13:15:00,134.6199951171875,NVDA,15m
2025-02-24 13:30:00,134.69000244140625,NVDA,15m
2025-02-24 13:45:00,134.07000732421875,NVDA,15m
2025-02-24 14:00:00,133.50990295410156,NVDA,15m
2025-02-24 14:15:00,132.72000122070312,NVDA,15m
2025-02-24 14:30:00,132.81100463867188,NVDA,15m
2025-02-24 14:45:00,132.61500549316406,NVDA,15m
2025-02-24 15:00:00,132.61500549316406,NVDA,15m
2025-02-24 15:15:00,132.57000732421875,NVDA,15m
2025-02-24 15:30:00,131.96009826660156,NVDA,15m
2025-02-24 15:45:00,130.10000610351562,NVDA,15m
2025-02-25 09:30:00,128.77000427246094,NVDA,15m
2025-02-25 09:45:00,127.5999984741211,NVDA,15m
2025-02-25 10:00:00,125.9000015258789,NVDA,15m
2025-02-25 10:15:00,125.33999633789062,NVDA,15m
2025-02-25 10:30:00,126.6406021118164,NVDA,15m
2025-02-25 10:45:00,126.54499816894531,NVDA,15m
2025-02-25 11:00:00,126.37999725341797,NVDA,15m
2025-02-25 11:15:00,126.19000244140625,NVDA,15m
2025-02-25 11:30:00,126.62000274658203,NVDA,15m
2025-02-25 11:45:00,127.875,NVDA,15m
2025-02-25 12:00:00,127.88999938964844,NVDA,15m
2025-02-25 12:15:00,128.52499389648438,NVDA,15m
2025-02-25 12:30:00,128.91000366210938,NVDA,15m
2025-02-25 12:45:00,129.22999572753906,NVDA,15m
2025-02-25 13:00:00,129.5500030517578,NVDA,15m
2025-02-25 13:15:00,128.3699951171875,NVDA,15m
2025-02-25 13:30:00,128.79010009765625,NVDA,15m
2025-02-25 13:45:00,128.06199645996094,NVDA,15m
2025-02-25 14:00:00,127.6449966430664,NVDA,15m
2025-02-25 14:15:00,127.2699966430664,NVDA,15m
2025-02-25 14:30:00,127.80999755859375,NVDA,15m
2025-02-25 14:45:00,127.83999633789062,NVDA,15m
2025-02-25 15:00:00,128.49000549316406,NVDA,15m
2025-02-25 15:15:00,128.81500244140625,NVDA,15m
2025-02-25 15:30:00,127.86000061035156,NVDA,15m
2025-02-25 15:45:00,126.62999725341797,NVDA,15m
2025-02-26 09:30:00,130.27000427246094,NVDA,15m
2025-02-26 09:45:00,130.8365936279297,NVDA,15m
2025-02-26 10:00:00,130.8800048828125,NVDA,15m
2025-02-26 10:15:00,130.4499969482422,NVDA,15m
2025-02-26 10:30:00,132.02999877929688,NVDA,15m
2025-02-26 10:45:00,132.10000610351562,NVDA,15m
2025-02-26 11:00:00,133.40499877929688,NVDA,15m
2025-02-26 11:15:00,132.4149932861328,NVDA,15m
2025-02-26 11:30:00,132.6300048828125,NVDA,15m
2025-02-26 11:45:00,132.09500122070312,NVDA,15m
2025-02-26 12:00:00,132.4949951171875,NVDA,15m
2025-02-26 12:15:00,132.55679321289062,NVDA,15m
2025-02-26 12:30:00,132.38499450683594,NVDA,15m
2025-02-26 12:45:00,131.67010498046875,NVDA,15m
2025-02-26 13:00:00,131.3800048828125,NVDA,15m
2025-02-26 13:15:00,130.3751983642578,NVDA,15m
2025-02-26 13:30:00,130.27000427246094,NVDA,15m
2025-02-26 13:45:00,129.4199981689453,NVDA,15m
2025-02-26 14:00:00,129.30999755859375,NVDA,15m
2025-02-26 14:15:00,129.88999938964844,NVDA,15m
2025-02-26 14:30:00,129.98480224609375,NVDA,15m
2025-02-26 14:45:00,129.1875,NVDA,15m
2025-02-26 15:00:00,129.68099975585938,NVDA,15m
2025-02-26 15:15:00,130.74000549316406,NVDA,15m
2025-02-26 15:30:00,131.77999877929688,NVDA,15m
2025-02-26 15:45:00,131.52000427246094,NVDA,15m
2025-02-27 09:30:00,128.84640502929688,NVDA,15m
2025-02-27 09:45:00,126.7300033569336,NVDA,15m
2025-02-27 10:00:00,128.47500610351562,NVDA,15m
2025-02-27 10:15:00,127.4800033569336,NVDA,15m
2025-02-27 10:30:00,127.55000305175781,NVDA,15m
2025-02-27 10:45:00,126.0198974609375,NVDA,15m
2025-02-27 11:00:00,127.25,NVDA,15m
2025-02-27 11:15:00,126.27999877929688,NVDA,15m
2025-02-27 11:30:00,126.9000015258789,NVDA,15m
2025-02-27 11:45:00,125.97149658203125,NVDA,15m
2025-02-27 12:00:00,126.77999877929688,NVDA,15m
2025-02-27 12:15:00,127.08000183105469,NVDA,15m
2025-02-27 12:30:00,126.60459899902344,NVDA,15m
2025-02-27 12:45:00,127.06999969482422,NVDA,15m
2025-02-27 13:00:00,128.17019653320312,NVDA,15m
2025-02-27 13:15:00,127.61000061035156,NVDA,15m
2025-02-27 13:30:00,126.89800262451172,NVDA,15m
2025-02-27 13:45:00,126.11000061035156,NVDA,15m
2025-02-27 14:00:00,125.29000091552734,NVDA,15m
2025-02-27 14:15:00,123.74500274658203,NVDA,15m
2025-02-27 14:30:00,123.38059997558594,NVDA,15m
2025-02-27 14:45:00,124.21499633789062,NVDA,15m
2025-02-27 15:00:00,122.76000213623047,NVDA,15m
2025-02-27 15:15:00,121.91000366210938,NVDA,15m
2025-02-27 15:30:00,121.3467025756836,NVDA,15m
2025-02-27 15:45:00,120.01000213623047,NVDA,15m
2025-02-28 09:30:00,119.16000366210938,NVDA,15m
2025-02-28 09:45:00,118.37999725341797,NVDA,15m
2025-02-28 10:00:00,121.5199966430664,NVDA,15m
2025-02-28 10:15:00,122.7300033569336,NVDA,15m
2025-02-28 10:30:00,122.27999877929688,NVDA,15m
2025-02-28 10:45:00,123.0,NVDA,15m
2025-02-28 11:00:00,122.6500015258789,NVDA,15m
2025-02-28 11:15:00,121.55999755859375,NVDA,15m
2025-02-28 11:30:00,122.375,NVDA,15m
2025-02-28 11:45:00,121.7750015258789,NVDA,15m
2025-02-28 12:00:00,122.36000061035156,NVDA,15m
2025-02-28 12:15:00,122.18099975585938,NVDA,15m
2025-02-28 12:30:00,121.09020233154297,NVDA,15m
2025-02-28 12:45:00,118.9749984741211,NVDA,15m
2025-02-28 13:00:00,120.06999969482422,NVDA,15m
2025-02-28 13:15:00,120.57990264892578,NVDA,15m
2025-02-28 13:30:00,120.87999725341797,NVDA,15m
2025-02-28 13:45:00,119.74500274658203,NVDA,15m
2025-02-28 14:00:00,119.9801025390625,NVDA,15m
2025-02-28 14:15:00,120.47000122070312,NVDA,15m
2025-02-28 14:30:00,121.25460052490234,NVDA,15m
2025-02-28 14:45:00,121.60469818115234,NVDA,15m
2025-02-28 15:00:00,121.69999694824219,NVDA,15m
2025-02-28 15:15:00,121.88500213623047,NVDA,15m
2025-02-28 15:30:00,122.3550033569336,NVDA,15m
2025-02-28 15:45:00,125.05000305175781,NVDA,15m
2025-03-03 09:30:00,120.19000244140625,NVDA,15m
2025-03-03 09:45:00,119.0,NVDA,15m
2025-03-03 10:00:00,118.67019653320312,NVDA,15m
2025-03-03 10:15:00,119.51000213623047,NVDA,15m
2025-03-03 10:30:00,119.53500366210938,NVDA,15m
2025-03-03 10:45:00,118.6177978515625,NVDA,15m
2025-03-03 11:00:00,119.2699966430664,NVDA,15m
2025-03-03 11:15:00,119.22000122070312,NVDA,15m
2025-03-03 11:30:00,118.74500274658203,NVDA,15m
2025-03-03 11:45:00,119.00499725341797,NVDA,15m
2025-03-03 12:00:00,118.65499877929688,NVDA,15m
2025-03-03 12:15:00,118.41000366210938,NVDA,15m
2025-03-03 12:30:00,117.94000244140625,NVDA,15m
2025-03-03 12:45:00,116.80999755859375,NVDA,15m
2025-03-03 13:00:00,115.26300048828125,NVDA,15m
2025-03-03 13:15:00,115.23999786376953,NVDA,15m
2025-03-03 13:30:00,115.76000213623047,NVDA,15m
2025-03-03 13:45:00,116.56439971923828,NVDA,15m
2025-03-03 14:00:00,116.36640167236328,NVDA,15m
2025-03-03 14:15:00,116.04499816894531,NVDA,15m
2025-03-03 14:30:00,117.33910369873047,NVDA,15m
2025-03-03 14:45:00,115.12989807128906,NVDA,15m
2025-03-03 15:00:00,113.82499694824219,NVDA,15m
2025-03-03 15:15:00,113.16999816894531,NVDA,15m
2025-03-03 15:30:00,112.80509948730469,NVDA,15m
2025-03-03 15:45:00,114.01000213623047,NVDA,15m
2025-03-04 09:30:00,113.37010192871094,NVDA,15m
2025-03-04 09:45:00,112.93000030517578,NVDA,15m
2025-03-04 10:00:00,111.89990234375,NVDA,15m
2025-03-04 10:15:00,111.61000061035156,NVDA,15m
2025-03-04 10:30:00,112.94000244140625,NVDA,15m
2025-03-04 10:45:00,112.40499877929688,NVDA,15m
2025-03-04 11:00:00,111.83000183105469,NVDA,15m
2025-03-04 11:15:00,111.83000183105469,NVDA,15m
2025-03-04 11:30:00,113.2699966430664,NVDA,15m
2025-03-04 11:45:00,114.38970184326172,NVDA,15m
2025-03-04 12:00:00,114.20600128173828,NVDA,15m
2025-03-04 12:15:00,116.01020050048828,NVDA,15m
2025-03-04 12:30:00,115.9176025390625,NVDA,15m
2025-03-04 12:45:00,115.56009674072266,NVDA,15m
2025-03-04 13:00:00,117.1500015258789,NVDA,15m
2025-03-04 13:15:00,116.19999694824219,NVDA,15m
2025-03-04 13:30:00,116.78250122070312,NVDA,15m
2025-03-04 13:45:00,117.2750015258789,NVDA,15m
2025-03-04 14:00:00,117.36000061035156,NVDA,15m
2025-03-04 14:15:00,117.7698974609375,NVDA,15m
2025-03-04 14:30:00,117.74500274658203,NVDA,15m
2025-03-04 14:45:00,118.12000274658203,NVDA,15m
2025-03-04 15:00:00,118.80999755859375,NVDA,15m
2025-03-04 15:15:00,118.88999938964844,NVDA,15m
2025-03-04 15:30:00,117.36000061035156,NVDA,15m
2025-03-04 15:45:00,115.95999908447266,NVDA,15m
2025-03-05 09:30:00,116.36000061035156,NVDA,15m
2025-03-05 09:45:00,115.13999938964844,NVDA,15m
2025-03-05 10:00:00,116.10009765625,NVDA,15m
2025-03-05 10:15:00,115.97000122070312,NVDA,15m
2025-03-05 10:30:00,116.375,NVDA,15m
2025-03-05 10:45:00,115.91999816894531,NVDA,15m
2025-03-05 11:00:00,115.08000183105469,NVDA,15m
2025-03-05 11:15:00,115.40989685058594,NVDA,15m
2025-03-05 11:30:00,114.65499877929688,NVDA,15m
2025-03-05 11:45:00,115.88999938964844,NVDA,15m
2025-03-05 12:00:00,115.92500305175781,NVDA,15m
2025-03-05 12:15:00,116.56310272216797,NVDA,15m
2025-03-05 12:30:00,116.87000274658203,NVDA,15m
2025-03-05 12:45:00,117.7300033569336,NVDA,15m
2025-03-05 13:00:00,116.94000244140625,NVDA,15m
2025-03-05 13:15:00,116.2699966430664,NVDA,15m
2025-03-05 13:30:00,116.35060119628906,NVDA,15m
2025-03-05 13:45:00,117.33000183105469,NVDA,15m
2025-03-05 14:00:00,117.95999908447266,NVDA,15m
2025-03-05 14:15:00,117.10980224609375,NVDA,15m
2025-03-05 14:30:00,117.10990142822266,NVDA,15m
2025-03-05 14:45:00,117.5145034790039,NVDA,15m
2025-03-05 15:00:00,118.04499816894531,NVDA,15m
2025-03-05 15:15:00,117.66000366210938,NVDA,15m
2025-03-05 15:30:00,117.96990203857422,NVDA,15m
2025-03-05 15:45:00,117.29000091552734,NVDA,15m
